date,daily_excess_return,cumulative_excess_return
2022-01-04,0.011476145334295184,0.011476145334295184
2022-01-05,0.011552690611091924,0.023028835945387106
2022-01-06,0.007374685304167524,0.03040352124955463
2022-01-07,0.009053210864115042,0.03945673211366967
2022-01-10,-0.0004342060917627386,0.039022526021906936
2022-01-11,0.009062416049494164,0.0480849420714011
2022-01-12,-0.0048733874784665345,0.04321155459293456
2022-01-13,0.011417880253384976,0.05462943484631954
2022-01-14,-0.005621750066652254,0.049007684779667285
2022-01-17,-0.004333361981870801,0.044674322797796484
2022-01-18,0.004460075761807331,0.04913439855960382
2022-01-19,0.00945640270377281,0.058590801263376624
2022-01-20,0.002030436348343216,0.06062123761171984
2022-01-21,0.00016322719765388417,0.060784464809373724
2022-01-24,-0.00500908096537101,0.05577538384400271
2022-01-25,0.0034180737894131774,0.05919345763341589
2022-01-26,8.04676081336269e-05,0.059273925241549515
2022-01-27,0.007727085011324509,0.06700101025287403
2022-01-28,0.0021122761827383238,0.06911328643561235
2022-02-07,0.004721740790761353,0.0738350272263737
2022-02-08,0.009563371471521908,0.0833983986978956
2022-02-09,-0.00352727795896449,0.07987112073893111
2022-02-10,0.0026462282744708575,0.08251734901340198
2022-02-11,0.005745462926931374,0.08826281194033335
2022-02-14,-0.00019178973731018832,0.08807102220302317
2022-02-15,-0.00027627084723886577,0.0877947513557843
2022-02-16,-0.00059768340081582,0.08719706795496847
2022-02-17,-0.003081768956169591,0.08411529899879888
2022-02-18,-0.0014261738558804132,0.08268912514291847
2022-02-21,0.004806600001244645,0.08749572514416312
2022-02-22,0.0009926059054279237,0.08848833104959104
2022-02-23,-0.0018192894381097704,0.08666904161148127
2022-02-24,-0.0011718183468329311,0.08549722326464834
2022-02-25,-0.0059697756863918445,0.0795274475782565
2022-02-28,-0.003068020738384235,0.07645942683987227
2022-03-01,-0.0007153333798368038,0.07574409346003547
2022-03-02,0.008632100970240576,0.08437619443027604
2022-03-03,0.00994713547406643,0.09432332990434247
2022-03-04,0.00396745222408379,0.09829078212842626
2022-03-07,0.010072660357026782,0.10836344248545304
2022-03-08,-0.002429179657094354,0.10593426282835869
2022-03-09,-0.006753679897446032,0.09918058293091266
2022-03-10,-0.00872425901923373,0.09045632391167893
2022-03-11,0.010457602109572344,0.10091392602125128
2022-03-14,0.005259537064280323,0.1061734630855316
2022-03-15,-0.005771192158594768,0.10040227092693683
2022-03-16,-0.002425200134930849,0.09797707079200599
2022-03-17,0.0035304854067472104,0.1015075561987532
2022-03-18,0.0037637573656625675,0.10527131356441576
2022-03-21,-0.0018866804340095316,0.10338463313040622
2022-03-22,0.0031337914570137727,0.10651842458741999
2022-03-23,0.0014350096589890947,0.10795343424640909
2022-03-24,-0.003737354980673533,0.10421607926573556
2022-03-25,0.006823773119614385,0.11103985238534994
2022-03-28,0.004601588330476858,0.1156414407158268
2022-03-29,-0.0039255034280730895,0.11171593728775371
2022-03-30,-0.003342086745562529,0.10837385054219119
2022-03-31,0.005675065219771858,0.11404891576196305
2022-04-01,0.0019743835817996385,0.11602329934376268
2022-04-06,0.00823001925495448,0.12425331859871716
2022-04-07,-0.0014470544132383285,0.12280626418547884
2022-04-08,0.0019625984231752508,0.1247688626086541
2022-04-11,0.01027526063047607,0.13504412323913018
2022-04-12,-0.005429892431755394,0.12961423080737478
2022-04-13,0.003942525511537075,0.13355675631891184
2022-04-14,-0.011251748730938161,0.12230500758797368
2022-04-15,-0.0011562534468429649,0.12114875414113072
2022-04-18,-0.0025477554958789487,0.11860099864525177
2022-04-19,0.008296019398560964,0.12689701804381273
2022-04-20,0.006593835683803211,0.13349085372761593
2022-04-21,0.009742134956565719,0.14323298868418166
2022-04-22,0.008801160486585599,0.15203414917076727
2022-04-25,0.010706232871964793,0.16274038204273206
2022-04-26,0.0026053010469502024,0.16534568308968225
2022-04-27,-0.007226202472199949,0.1581194806174823
2022-04-28,0.0008396342448440411,0.15895911486232633
2022-04-29,0.005182310799157849,0.16414142566148418
2022-05-05,0.012844643775006213,0.1769860694364904
2022-05-06,0.006731248267787131,0.18371731770427752
2022-05-09,0.009673453977730957,0.19339077168200847
2022-05-10,-0.0070929242828964584,0.186297847399112
2022-05-11,-0.010456437072668802,0.1758414103264432
2022-05-12,0.0011206477454243332,0.17696205807186755
2022-05-13,0.0012799631361952344,0.1782420212080628
2022-05-16,0.0051259609907457725,0.18336798219880857
2022-05-17,-0.010117147589431625,0.17325083460937693
2022-05-18,0.0042907934077910815,0.17754162801716802
2022-05-19,-0.001428092842882824,0.1761135351742852
2022-05-20,-0.00515025726510714,0.17096327790917806
2022-05-23,0.006498409345362411,0.17746168725454048
2022-05-24,0.007146866970816751,0.18460855422535724
2022-05-25,0.0032693925412202855,0.1878779467665775
2022-05-26,0.008372603345969282,0.1962505501125468
2022-05-27,-0.0015290273052879022,0.1947215228072589
2022-05-30,-0.008547641759786168,0.18617388104747273
2022-05-31,-0.005750603950797668,0.18042327709667508
2022-06-01,-0.002062668446780985,0.1783606086498941
2022-06-02,5.6210791980110107e-05,0.1784168194418742
2022-06-06,-0.013923364740142804,0.1644934547017314
2022-06-07,-0.0005294094141288803,0.16396404528760253
2022-06-08,-0.0023054550830322058,0.16165859020457032
2022-06-09,0.011405640517224893,0.17306423072179522
2022-06-10,-0.005105199583065604,0.16795903113872962
2022-06-13,7.246316311449919e-05,0.1680314943018441
2022-06-14,0.00770930363675511,0.17574079793859923
2022-06-15,0.004095381292048368,0.1798361792306476
2022-06-16,-0.00312369102961686,0.17671248820103075
2022-06-17,-0.011297519878215919,0.16541496832281483
2022-06-20,-0.006275567892501194,0.15913940043031363
2022-06-21,0.00476937916084976,0.1639087795911634
2022-06-22,0.0017026695448931707,0.16561144913605658
2022-06-23,-0.010254988760464906,0.15535646037559167
2022-06-24,-0.007780153171947126,0.14757630720364454
2022-06-27,-0.002430026125912964,0.14514628107773156
2022-06-28,-0.003313520258080782,0.14183276081965077
2022-06-29,0.01434977682361382,0.1561825376432646
2022-06-30,-0.006387279224819188,0.1497952584184454
2022-07-01,0.0036579251234036296,0.15345318354184903
2022-07-04,-0.0023700439787507546,0.15108313956309827
2022-07-05,-0.0008981082638208943,0.15018503129927738
2022-07-06,0.0009246442840605978,0.151109675583338
2022-07-07,-0.008030169630281003,0.143079505953057
2022-07-08,0.005258518040313393,0.14833802399337037
2022-07-11,0.011298217979312748,0.1596362419726831
2022-07-12,0.009052707929034814,0.16868894990171793
2022-07-13,-0.004712726553707607,0.16397622334801032
2022-07-14,-0.004047445379182359,0.15992877796882796
2022-07-15,0.005201107947558903,0.16512988591638686
2022-07-18,-6.75357599709578e-05,0.1650623501564159
2022-07-19,0.003431679491243381,0.16849402964765928
2022-07-20,-6.795413362898766e-06,0.16848723423429637
2022-07-21,-0.0011208860609435167,0.16736634817335286
2022-07-22,0.0017026996415257989,0.16906904781487866
2022-07-25,0.004478825507437338,0.173547873322316
2022-07-26,0.0006563430668362168,0.1742042163891522
2022-07-27,-0.0010096975801229342,0.17319451880902928
2022-07-28,-0.0010297440402502072,0.17216477476877906
2022-07-29,0.000959888297068955,0.173124663065848
2022-08-01,0.0011651392384305174,0.1742898023042785
2022-08-02,0.0002801131456476279,0.17456991544992614
2022-08-03,0.005443467948924507,0.18001338339885065
2022-08-04,0.0015336344458413349,0.181547017844692
2022-08-05,-0.000775058408439439,0.18077195943625254
2022-08-08,0.006427181083128499,0.18719914051938105
2022-08-09,-0.0008593553942477256,0.18633978512513333
2022-08-10,0.004462805219847815,0.19080259034498115
2022-08-11,0.002102188473070512,0.19290477881805165
2022-08-12,0.004291186672323256,0.1971959654903749
2022-08-15,-0.005815737842937057,0.19138022764743784
2022-08-16,-0.0003236476079204382,0.1910565800395174
2022-08-17,-0.0019266866545261789,0.18912989338499123
2022-08-18,6.0648322236765e-05,0.189190541707228
2022-08-19,0.009813122149829684,0.19900366385705767
2022-08-22,-0.0032565807193568777,0.19574708313770078
2022-08-23,0.0017591765572305886,0.19750625969493138
2022-08-24,0.010753455664798647,0.20825971535973004
2022-08-25,0.005942563157236895,0.21420227851696694
2022-08-26,-0.001376837549907774,0.21282544096705916
2022-08-29,0.004442267625544797,0.21726770859260397
2022-08-30,0.004963612639958417,0.2222313212325624
2022-08-31,0.005669825106132617,0.22790114633869502
2022-09-01,0.0028501005303617237,0.23075124686905674
2022-09-02,0.003593733378046913,0.23434498024710365
2022-09-05,0.009886719934446259,0.2442317001815499
2022-09-06,-0.004014381645160892,0.24021731853638903
2022-09-07,-0.000792145322316502,0.23942517321407253
2022-09-08,0.005822228811692155,0.24524740202576467
2022-09-09,-0.0038215892083756703,0.241425812817389
2022-09-13,-0.004074527000854726,0.23735128581653428
2022-09-14,0.002670147553850456,0.24002143337038473
2022-09-15,0.012203740225611869,0.2522251735959966
2022-09-16,0.00031756276365349446,0.2525427363596501
2022-09-19,0.0020583652030974125,0.2546011015627475
2022-09-20,-0.00026196250944441197,0.2543391390533031
2022-09-21,0.00952772873462084,0.2638668677879239
2022-09-22,0.010487604191111935,0.27435447197903584
2022-09-23,0.004316879360337808,0.27867135133937365
2022-09-26,-0.005490409511089734,0.2731809418282839
2022-09-27,-0.0015268151423120499,0.27165412668597183
2022-09-28,0.004429538461456011,0.2760836651474278
2022-09-29,-0.0046785659108847695,0.27140509923654305
2022-09-30,0.005182957846471103,0.27658805708301415
2022-10-10,0.012747907217282924,0.28933596430029707
2022-10-11,0.0015602308435411368,0.2908961951438382
2022-10-12,0.004883217105760545,0.29577941224959875
2022-10-13,0.005019712017517551,0.3007991242671163
2022-10-14,0.0004793190993516392,0.3012784433664679
2022-10-17,0.0025430119061290077,0.3038214552725969
2022-10-18,0.0010537548504514257,0.30487521012304836
2022-10-19,0.006432804357591936,0.31130801448064027
2022-10-20,0.007615709019450855,0.3189237235000911
2022-10-21,0.0053022346321922416,0.3242259581322834
2022-10-24,0.013014565361090347,0.33724052349337375
2022-10-25,-0.004899276967237411,0.33234124652613634
2022-10-26,0.002877305641380116,0.33521855216751645
2022-10-27,0.01034392194683885,0.3455624741143553
2022-10-28,0.0020748917074769014,0.3476373658218322
2022-10-31,0.0029675755908381445,0.35060494141267035
2022-11-01,-0.008409664322413034,0.3421952770902573
2022-11-02,0.005299996196269506,0.34749527328652685
2022-11-03,-0.000158302446394065,0.34733697084013276
2022-11-04,-0.0063989736754425566,0.3409379971646902
2022-11-07,0.005340046008980024,0.3462780431736702
2022-11-08,0.004275915848345061,0.3505539590220153
2022-11-09,0.004790903004103689,0.355344862026119
2022-11-10,0.0102898797163001,0.36563474174241906
2022-11-11,-0.0068561819495618,0.3587785597928573
2022-11-14,0.00481634835668306,0.3635949081495403
2022-11-15,-0.009682854161112208,0.3539120539884281
2022-11-16,0.001834323878476544,0.35574637786690466
2022-11-17,0.005126168578535929,0.3608725464454406
2022-11-18,-0.0025354077396397344,0.35833713870580086
2022-11-21,0.0021387314495231093,0.36047587015532395
2022-11-22,0.016720321899111434,0.3771961920544354
2022-11-23,0.004971358324864893,0.3821675503793003
2022-11-24,0.0012490812516286827,0.383416631630929
2022-11-25,0.008455133011500773,0.39187176464242973
2022-11-28,0.0023740725796050437,0.39424583722203477
2022-11-29,-0.0031366527688081493,0.3911091844532266
2022-11-30,-0.0015686478419815685,0.38954053661124505
2022-12-01,-0.004532732278287041,0.385007804332958
2022-12-02,0.0018403724021941756,0.3868481767351522
2022-12-05,0.007574392324875235,0.39442256906002743
2022-12-06,-0.0032163717553363863,0.39120619730469103
2022-12-07,-0.0051258771908398535,0.3860803201138512
2022-12-08,0.0014160469474228153,0.387496367061274
2022-12-09,-0.00905454502660756,0.3784418220346664
2022-12-12,0.0021134062689435176,0.38055522830360994
2022-12-13,0.00533955752118618,0.38589478582479614
2022-12-14,-4.48618839154623e-05,0.3858499239408807
2022-12-15,-0.007270840797560197,0.3785790831433205
2022-12-16,0.006888439606284858,0.3854675227496054
2022-12-19,-0.005240297429593591,0.3802272253200118
2022-12-20,0.005381031186482821,0.3856082565064946
2022-12-21,0.0028717512181790873,0.38848000772467367
2022-12-22,0.0025497328723344376,0.3910297405970081
2022-12-23,0.0010719676218334168,0.39210170821884155
2022-12-26,-0.006354030036901152,0.3857476781819404
2022-12-27,0.0018040589971038742,0.3875517371790443
2022-12-28,0.00511421613639368,0.39266595331543797
2022-12-29,-0.0015731438139391124,0.39109280950149883
2022-12-30,0.005519207604468292,0.3966120171059671
2023-01-03,-0.0003735727492996026,0.3962384443566675
2023-01-04,0.00406052770765227,0.40029897206431975
2023-01-05,-0.01500106830191354,0.3852979037624062
2023-01-06,-0.0031454981353907572,0.3821524056270154
2023-01-09,-0.0019530650912130537,0.38019934053580234
2023-01-10,-0.0045902180760789115,0.37560912245972344
2023-01-11,0.0011085896955879675,0.3767177121553114
2023-01-12,0.0009037223193618472,0.3776214344746733
2023-01-13,-0.0034990348976780138,0.3741223995769953
2023-01-16,-0.006648578210976812,0.36747382136601847
2023-01-17,0.0001412053954916925,0.36761502676151014
2023-01-18,0.0049287533522669605,0.3725437801137771
2023-01-19,0.0009318721228795026,0.3734756522366566
2023-01-20,-0.00044527270043519316,0.37303037953622137
2023-01-30,-0.0031395196117639315,0.3698908599244574
2023-01-31,0.005350559622099374,0.37524141954655676
2023-02-01,0.001036764471450214,0.376278184018007
2023-02-02,-0.0006666408966989864,0.375611543121308
2023-02-03,0.0029791632346832467,0.37859070635599124
2023-02-06,0.008616104799836986,0.3872068111558282
2023-02-07,0.0006786935985351565,0.3878855047543634
2023-02-08,1.2174947706268085e-05,0.3878976797020697
2023-02-09,-0.001358583186473557,0.3865390965155961
2023-02-10,0.005183647997705121,0.3917227445133012
2023-02-13,-0.004131272851907941,0.38759147166139324
2023-02-14,0.0007183232669127572,0.388309794928306
2023-02-15,0.0004053555482952146,0.3887151504766012
2023-02-16,0.001291404079543928,0.39000655455614514
2023-02-17,0.0108196190008306,0.40082617355697575
2023-02-20,-0.001509372050883056,0.3993168015060927
2023-02-21,0.0035977461083270585,0.4029145476144198
2023-02-22,0.004977956485235656,0.40789250409965544
2023-02-23,0.0015040856991605325,0.409396589798816
2023-02-24,0.006205777432992409,0.4156023672318084
2023-02-27,0.0006644097718625201,0.4162667770036709
2023-02-28,0.0009418460498312668,0.41720862305350215
2023-03-01,-0.0017210052158406998,0.41548761783766147
2023-03-02,0.008572312217186637,0.4240599300548481
2023-03-03,0.009199342571948623,0.4332592726267967
2023-03-06,-0.001265435388258664,0.431993837238538
2023-03-07,0.013572813466350779,0.44556665070488877
2023-03-08,0.00022507080744081965,0.4457917215123296
2023-03-09,-0.0011732274449329809,0.4446184940673966
2023-03-10,-0.0008638845730150297,0.4437546094943816
2023-03-13,0.003522190488643425,0.44727679998302505
2023-03-14,-0.0010567628860434076,0.44622003709698166
2023-03-15,0.01129563858653306,0.4575156756835147
2023-03-16,0.005225912093637532,0.46274158777715224
2023-03-17,0.0015830443610298727,0.4643246321381821
2023-03-20,0.001903459336800394,0.4662280914749825
2023-03-21,-0.010456348337252794,0.4557717431377297
2023-03-22,0.0004659796064208757,0.4562377227441506
2023-03-23,-0.004555283786665051,0.45168243895748555
2023-03-24,-0.002106831659240199,0.44957560729824536
2023-03-27,0.0002520878897334924,0.4498276951879788
2023-03-28,0.0030204868699326304,0.45284818205791144
2023-03-29,-0.005084315820144861,0.4477638662377666
2023-03-30,-0.0006469095018826703,0.4471169567358839
2023-03-31,0.00036389422926080405,0.4474808509651447
2023-04-03,0.0043644790131325386,0.45184532997827725
2023-04-04,0.006727361979055737,0.45857269195733297
2023-04-06,-0.0007035121201185297,0.4578691798372144
2023-04-07,-0.0024334951214826338,0.4554356847157318
2023-04-10,0.0033870491762888724,0.45882273389202066
2023-04-11,0.004826471754713228,0.4636492056467339
2023-04-12,0.003794713732281491,0.4674439193790154
2023-04-13,0.007765669573724325,0.47520958895273974
2023-04-14,-0.0044000694217581045,0.47080951953098166
2023-04-17,0.0074632621745511,0.4782727817055328
2023-04-18,-0.00020188887177231309,0.4780708928337605
2023-04-19,0.0023037277221174554,0.48037462055587793
2023-04-20,0.0021998540863234954,0.48257447464220143
2023-04-21,0.005138956049831231,0.48771343069203266
2023-04-24,0.006511794223216361,0.494225224915249
2023-04-25,0.00938860130531521,0.5036138262205642
2023-04-26,-0.007686282040404818,0.49592754418015933
2023-04-27,0.007851876889550828,0.5037794210697102
2023-04-28,0.0013662451773159797,0.5051456662470262
2023-05-04,0.019625866771721807,0.524771533018748
2023-05-05,0.00869537184015094,0.5334669048588989
2023-05-08,0.013473313223088522,0.5469402180819875
2023-05-09,0.007178456868770768,0.5541186749507582
2023-05-10,-0.002246037495843357,0.5518726374549148
2023-05-11,0.0006150428379933019,0.5524876802929081
2023-05-12,0.003837254798626492,0.5563249350915346
2023-05-15,-0.004017538986109216,0.5523073961054253
2023-05-16,0.0022814868390310513,0.5545888829444564
2023-05-17,0.002298901082162065,0.5568877840266184
2023-05-18,4.523183430967296e-05,0.5569330158609281
2023-05-19,0.0006148700652942622,0.5575478859262224
2023-05-22,0.0016561874753949545,0.5592040734016174
2023-05-23,0.0037026233159855974,0.562906696717603
2023-05-24,0.000830866987741261,0.5637375637053442
2023-05-25,0.0018845042955957024,0.56562206800094
2023-05-26,0.004177294340272491,0.5697993623412124
2023-05-29,0.006903543262292363,0.5767029056035048
2023-05-30,0.0041292366549960284,0.5808321422585008
2023-05-31,0.0071984085020138965,0.5880305507605147
2023-06-01,-0.0021763506685070298,0.5858542000920076
2023-06-02,-0.0006886737397579536,0.5851655263522496
2023-06-05,0.0048933090152272945,0.5900588353674769
2023-06-06,0.001326229480622799,0.5913850648480997
2023-06-07,0.004016428918296813,0.5954014937663965
2023-06-08,0.003387568623864939,0.5987890623902614
2023-06-09,-0.0016821548051709223,0.5971069075850904
2023-06-12,-0.003799627654537346,0.5933072799305531
2023-06-13,-0.004703349364074107,0.588603930566479
2023-06-14,4.7455211498172476e-05,0.5886513857779772
2023-06-15,-0.00870896173296196,0.5799424240450152
2023-06-16,-0.00493072693889667,0.5750116971061185
2023-06-19,0.0007719214316928508,0.5757836185378113
2023-06-20,-0.0031343655290545537,0.5726492530087568
2023-06-21,0.007600465134647582,0.5802497181434044
2023-06-26,0.0006416284607882586,0.5808913466041927
2023-06-27,0.0010075808221829251,0.5818989274263756
2023-06-28,0.004753130370701266,0.5866520577970769
2023-06-29,0.0013937536748129347,0.5880458114718898
2023-06-30,7.531484051997403e-05,0.5881211263124098
2023-07-03,0.0016642451356746054,0.5897853714480844
2023-07-04,-0.0011151247380321617,0.5886702467100522
2023-07-05,0.0037508056897269113,0.5924210523997792
2023-07-06,0.00450533336117844,0.5969263857609576
2023-07-07,0.008446872828689132,0.6053732585896467
2023-07-10,-0.003210558552216089,0.6021627000374307
2023-07-11,-0.0003930328995986356,0.601769667137832
2023-07-12,0.0013263430458189344,0.6030960101836509
2023-07-13,-0.0019543208041407413,0.6011416893795102
2023-07-14,0.0003805462387884613,0.6015222356182987
2023-07-17,0.005335900303861833,0.6068581359221605
2023-07-18,0.0024111139129574825,0.609269249835118
2023-07-19,0.006035477737081269,0.6153047275721992
2023-07-20,0.0018091258213324137,0.6171138533935316
2023-07-21,0.00025916262389314305,0.6173730160174248
2023-07-24,0.00260117262765359,0.6199741886450784
2023-07-25,-0.006951273610864286,0.613022915034214
2023-07-26,0.0013074565647318306,0.6143303715989459
2023-07-27,0.0009610731321532601,0.6152914447310991
2023-07-28,0.006825539694967467,0.6221169844260666
2023-07-31,1.0159970836171067e-05,0.6221271443969028
2023-08-01,0.0019446249363878657,0.6240717693332907
2023-08-02,-0.0004882765863076773,0.623583492746983
2023-08-03,0.0009442423922169976,0.6245277351392
2023-08-04,-0.0032146490869054806,0.6213130860522945
2023-08-07,0.0018713375834891015,0.6231844236357836
2023-08-08,0.000482272567021451,0.6236666962028051
2023-08-09,0.0012811816805875934,0.6249478778833927
2023-08-10,0.0005546716355953392,0.625502549518988
2023-08-11,0.00531681786752681,0.6308193673865148
2023-08-14,0.0014258754271266028,0.6322452428136414
2023-08-15,0.009067526740095444,0.6413127695537368
2023-08-16,0.004695927320865515,0.6460086968746024
2023-08-17,-0.004690330450160531,0.6413183664244418
2023-08-18,0.007883950121609633,0.6492023165460514
2023-08-21,0.005212190876379493,0.6544145074224309
2023-08-22,0.0008309277866496545,0.6552454352090805
2023-08-23,0.009238776436090276,0.6644842116451708
2023-08-24,-0.012470540157372978,0.6520136714877978
2023-08-25,0.004398649365913563,0.6564123208537114
2023-08-28,-0.0021668319128946793,0.6542454889408167
2023-08-29,-0.0022814749413741357,0.6519640139994426
2023-08-30,0.0055869712397066335,0.6575509852391492
2023-08-31,0.005994480150447157,0.6635454653895964
2023-09-01,-0.003965022846765808,0.6595804425428305
2023-09-04,-0.004407239343385069,0.6551732031994455
2023-09-05,0.0011956925536552993,0.6563688957531008
2023-09-06,-0.0018930126436464516,0.6544758831094543
2023-09-07,0.006148297077645327,0.6606241801870996
2023-09-08,0.0008283847396166247,0.6614525649267162
2023-09-11,0.0022164454452927892,0.663669010372009
2023-09-12,0.0017909288622431378,0.6654599392342522
2023-09-13,0.005416449328364647,0.6708763885626168
2023-09-14,0.006932430695255011,0.6778088192578718
2023-09-15,0.002064787873351491,0.6798736071312234
2023-09-18,-0.004856131689684908,0.6750174754415385
2023-09-19,0.007049505228038896,0.6820669806695774
2023-09-20,0.003385788734710382,0.6854527694042878
2023-09-21,0.002686101283167776,0.6881388706874556
2023-09-22,-0.009366002516145007,0.6787728681713106
2023-09-25,0.0058614580646989866,0.6846343262360095
2023-09-26,0.00070895761029104,0.6853432838463005
2023-09-27,-0.004076206530665445,0.6812670773156351
2023-09-28,0.0016196882795950886,0.6828867655952302
2023-10-09,0.0004590890076872264,0.6833458546029174
2023-10-10,-0.0008099510248360413,0.6825359035780814
2023-10-11,-0.004722409662556991,0.6778134939155244
2023-10-12,0.0017289148332627897,0.6795424087487871
2023-10-13,0.010835177096009969,0.6903775858447971
2023-10-16,0.010891849454827613,0.7012694352996247
2023-10-17,-0.0012547995975438456,0.7000146357020809
2023-10-18,0.0030273951004920604,0.703042030802573
2023-10-19,0.0013031281571915577,0.7043451589597646
2023-10-20,-0.000561126320396101,0.7037840326393685
2023-10-23,0.0013363005387202213,0.7051203331780888
2023-10-24,-0.0008867012615998194,0.7042336319164889
2023-10-25,0.0009210744291984034,0.7051547063456873
2023-10-26,0.0038937995691193726,0.7090485059148067
2023-10-27,-0.008579253096777463,0.7004692528180293
2023-10-30,-0.013439713453195367,0.6870295393648339
2023-10-31,0.006284878896735499,0.6933144182615694
2023-11-01,0.0006309956602309787,0.6939454139218003
2023-11-02,0.004003985799933136,0.6979493997217334
2023-11-03,-0.006704665598869095,0.6912447341228644
2023-11-06,-0.009771539908914747,0.6814731942139496
2023-11-07,0.002028954700564133,0.6835021489145137
2023-11-08,-0.0006011694475197126,0.6829009794669939
2023-11-09,0.0021572926498616522,0.6850582721168555
2023-11-10,0.0036106909339893765,0.6886689630508449
2023-11-13,0.0017319664640015507,0.6904009295148464
2023-11-14,0.002354985516271989,0.6927559150311184
2023-11-15,-0.00215062912008374,0.6906052859110346
2023-11-16,0.0053821277107091595,0.6959874136217438
2023-11-17,0.0006946249705881312,0.6966820385923319
2023-11-20,0.002059011641629899,0.6987410502339618
2023-11-21,0.0025597240522954954,0.7013007742862574
2023-11-22,0.005384595409222936,0.7066853696954803
2023-11-23,-0.0007051079177639907,0.7059802617777163
2023-11-24,0.006108022419358888,0.7120882841970753
2023-11-27,0.004488644673203048,0.7165769288702784
2023-11-28,-0.0018847841208685305,0.7146921447494098
2023-11-29,0.003801203379685701,0.7184933481290955
2023-11-30,0.004072727251562853,0.7225660753806583
2023-12-01,0.0041859396018926204,0.7267520149825509
2023-12-04,0.00787156698208139,0.7346235819646323
2023-12-05,0.0049722103210426616,0.739595792285675
2023-12-06,-0.004344225399684743,0.7352515668859902
2023-12-07,0.0026158069842838316,0.7378673738702741
2023-12-08,-0.0003260585592950082,0.7375413153109791
2023-12-11,0.002207716214425187,0.7397490315254043
2023-12-12,0.00416375719002369,0.743912788715428
2023-12-13,0.006575362146432983,0.7504881508618609
2023-12-14,0.001293472962455263,0.7517816238243162
2023-12-15,-0.002338699611031134,0.7494429242132851
2023-12-18,0.0028076397445043473,0.7522505639577894
2023-12-19,-0.001991458351037958,0.7502591056067515
2023-12-20,0.005509793831871876,0.7557688994386234
2023-12-21,-0.005707301578710608,0.7500615978599128
2023-12-22,0.000776992319873096,0.7508385901797858
2023-12-25,0.002202904383298505,0.7530414945630843
2023-12-26,0.004046989224799749,0.7570884837878841
2023-12-27,0.0024628187724000873,0.7595513025602841
2023-12-28,-0.013459989654139519,0.7460913129061446
2023-12-29,-0.004481774795207242,0.7416095381109373
2024-01-02,0.009559564951994547,0.7511691030629318
2024-01-03,0.008657909973011649,0.7598270130359435
2024-01-04,0.006962533334463288,0.7667895463704067
2024-01-05,0.006671028582438948,0.7734605749528457
2024-01-08,0.002976244083871875,0.7764368190367176
2024-01-09,-0.0009050562297808586,0.7755317628069367
2024-01-10,0.0018414312442960857,0.7773731940512327
2024-01-11,-0.007505633194696936,0.7698675608565358
2024-01-12,0.007234552097951586,0.7771021129544874
2024-01-15,0.004968609587628045,0.7820707225421154
2024-01-16,6.312151328503684e-05,0.7821338440554004
2024-01-17,0.010449397291918513,0.792583241347319
2024-01-18,-0.01396786442998619,0.7786153769173327
2024-01-19,-0.0015033361245852927,0.7771120407927474
2024-01-22,0.0014479833150003486,0.7785600241077478
2024-01-23,0.0017921147070831809,0.780352138814831
2024-01-24,0.009995186806802128,0.7903473256216331
2024-01-25,0.006724645757920612,0.7970719713795538
2024-01-26,0.012523214314253888,0.8095951856938076
2024-01-29,0.008313757647889138,0.8179089433416967
2024-01-30,0.006200815538492147,0.8241097588801889
2024-01-31,0.0020745919187142928,0.8261843507989032
2024-02-01,-0.0033101022710007853,0.8228742485279024
2024-02-02,0.0063900950328899,0.8292643435607923
2024-02-05,-0.0006761623155204658,0.8285881812452718
2024-02-06,-0.0004435128045950094,0.8281446684406768
2024-02-07,-0.004851149264119672,0.8232935191765571
2024-02-08,-0.0023613467443237258,0.8209321724322334
2024-02-19,0.004707325665096553,0.82563949809733
2024-02-20,0.0011287821718528955,0.8267682802691828
2024-02-21,0.0012598271820266995,0.8280281074512095
2024-02-22,-0.00022895587969049,0.827799151571519
2024-02-23,0.0044422849153067274,0.8322414364868257
2024-02-26,0.0024890899517974866,0.8347305264386232
2024-02-27,0.0029757145888979746,0.8377062410275212
2024-02-28,0.0025172268983899757,0.8402234679259112
2024-02-29,-0.0012842287659105445,0.8389392391600007
2024-03-01,-0.0007301206238819153,0.8382091185361188
2024-03-04,0.0010656024017958547,0.8392747209379147
2024-03-05,0.0020104901139859467,0.8412852110519006
2024-03-06,0.0014284191220924726,0.842713630173993
2024-03-07,0.009270059041158284,0.8519836892151513
2024-03-08,-0.0007728134460313801,0.8512108757691199
2024-03-11,-0.009786280252176616,0.8414245955169433
2024-03-12,-0.009172019958131824,0.8322525755588115
2024-03-13,0.0002787243779288111,0.8325312999367404
2024-03-14,0.002730015407077398,0.8352613153438178
2024-03-15,0.002372070082495056,0.8376333854263128
2024-03-18,-0.00683826237333488,0.830795123052978
2024-03-19,0.0005895594974031845,0.8313846825503811
2024-03-20,0.0011932954297597226,0.8325779779801409
2024-03-21,0.0010699518571617693,0.8336479298373026
2024-03-22,0.0026140605388063785,0.836261990376109
2024-03-25,0.005316864010034467,0.8415788543861435
2024-03-26,0.0010095339849201291,0.8425883883710636
2024-03-27,0.008950702953445458,0.8515390913245091
2024-03-28,-0.0072302560147062146,0.8443088353098029
2024-03-29,0.0053973543284249505,0.8497061896382279
2024-04-01,-0.002967623490284491,0.8467385661479434
2024-04-02,0.007683016626226278,0.8544215827741697
2024-04-03,0.004051513940749958,0.8584730967149197
2024-04-08,0.014558110101705494,0.8730312068166252
2024-04-09,-0.0059562945513739205,0.8670749122652512
2024-04-10,0.006783009996466316,0.8738579222617175
2024-04-11,0.0014731116223578803,0.8753310338840754
2024-04-12,0.0038337278668031318,0.8791647617508785
2024-04-15,0.002418310714968419,0.881583072465847
2024-04-16,0.007924506600766651,0.8895075790666136
2024-04-17,-0.0026213389125435914,0.88688624015407
2024-04-18,0.002686565858292202,0.8895728060123622
2024-04-19,0.007990837064507083,0.8975636430768693
2024-04-22,-0.0006722887659889605,0.8968913543108803
2024-04-23,-0.0005094190708313937,0.8963819352400489
2024-04-24,-0.002614937675267495,0.8937669975647814
2024-04-25,0.0038172501047887423,0.8975842476695701
2024-04-26,-0.014320258281615759,0.8832639893879544
2024-04-29,-0.010558781177477366,0.872705208210477
2024-04-30,0.007743295782347454,0.8804485039928245
2024-05-06,-0.008394824685995225,0.8720536793068293
2024-05-07,-0.004084697913822738,0.8679689813930066
2024-05-08,0.002844914354385216,0.8708138957473918
2024-05-09,-0.003305452172530531,0.8675084435748612
2024-05-10,0.0057290374304861565,0.8732374810053474
2024-05-13,0.005014906710828028,0.8782523877161754
2024-05-14,0.0028782511259484726,0.881130638842124
2024-05-15,0.0021569252413262095,0.8832875640834501
2024-05-16,0.0020491802338589707,0.885336744317309
2024-05-17,0.00155004218443897,0.886886786501748
2024-05-20,-8.970291973865494e-05,0.8867970835820094
2024-05-21,0.004850746070700623,0.89164782965271
2024-05-22,0.0010141593780721885,0.8926619890307821
2024-05-23,0.004040844315403886,0.896702833346186
2024-05-24,0.006877249271374089,0.9035800826175601
2024-05-27,0.0007498197341953728,0.9043299023517555
2024-05-28,0.0021150508205251997,0.9064449531722807
2024-05-29,-0.004445853477079196,0.9019990996952015
2024-05-30,0.0015991413381058167,0.9035982410333073
2024-05-31,0.001967864712247748,0.9055661057455551
2024-06-03,-0.0014943644887563464,0.9040717412567987
2024-06-04,-0.0026500751514196576,0.901421666105379
2024-06-05,0.0015629924693309233,0.9029846585747099
2024-06-06,0.0029473040611502368,0.9059319626358602
2024-06-07,0.012327844438732166,0.9182598070745923
2024-06-11,-0.003452356898591304,0.914807450176001
2024-06-12,0.0030759049582774825,0.9178833551342784
2024-06-13,0.0012427767088949674,0.9191261318431734
2024-06-14,-0.0034789482782865144,0.9156471835648868
2024-06-17,-0.005394462705282293,0.9102527208596045
2024-06-18,0.004899428688755074,0.9151521495483596
2024-06-19,0.007652910347942069,0.9228050598963016
2024-06-20,0.004196275046089565,0.9270013349423911
2024-06-21,0.004261140459037631,0.9312624754014287
2024-06-24,0.0018072935051538072,0.9330697689065826
2024-06-25,0.00509926506036934,0.938169033966952
2024-06-26,-0.0026368202150919696,0.93553221375186
2024-06-27,0.010438276141136007,0.945970489892996
2024-06-28,0.009751941502729483,0.9557224313957255
2024-07-01,0.008160755738766734,0.9638831871344923
2024-07-02,0.006522522888214254,0.9704057100227065
2024-07-03,0.0008782248404829973,0.9712839348631894
2024-07-04,0.0015528938701245328,0.972836828733314
2024-07-05,-0.0026263335249887103,0.9702104952083253
2024-07-08,0.008152109764890536,0.9783626049732158
2024-07-09,-0.0022826880433751543,0.9760799169298406
2024-07-10,0.0008706688130827732,0.9769505857429234
2024-07-11,-0.0043720606205019975,0.9725785251224214
2024-07-12,0.0033372334702401305,0.9759157585926616
2024-07-15,0.005048999946166932,0.9809647585388285
2024-07-16,-0.002935696850504582,0.9780290616883239
2024-07-17,0.0026986141237470254,0.980727675812071
2024-07-18,0.0016579846695193255,0.9823856604815903
2024-07-19,-0.00038431967441047597,0.9820013408071798
2024-07-22,0.0013771452314291059,0.9833784860386089
2024-07-23,0.015660796139893813,0.9990392821785027
2024-07-24,0.007960090394309132,1.006999372572812
2024-07-25,0.001988875379777319,1.0089882479525891
2024-07-26,-0.004875672684374661,1.0041125752682145
2024-07-29,0.014236289656622,1.0183488649248364
2024-07-30,0.0026245798812277905,1.0209734448060643
2024-07-31,-0.010400725940500686,1.0105727188655635
2024-08-01,0.008972485855104202,1.0195452047206677
2024-08-02,0.0030025237986137008,1.0225477285192814
2024-08-05,0.003906261306791382,1.0264539898260727
2024-08-06,-0.0036475170741287425,1.022806472751944
2024-08-07,0.002504049738845132,1.025310522490789
2024-08-08,0.00042712544535686823,1.025737647936146
2024-08-09,0.0021477036710949946,1.027885351607241
2024-08-12,-0.0012585844168558585,1.0266267671903853
2024-08-13,0.004360288531531498,1.0309870557219167
2024-08-14,0.007700120100046083,1.038687175821963
2024-08-15,0.0012597852946975663,1.0399469611166605
2024-08-16,0.005240701132802586,1.0451876622494631
2024-08-19,0.00942241703388908,1.0546100792833522
2024-08-20,0.004137036131477359,1.0587471154148296
2024-08-21,-0.0017507163471754213,1.056996399067654
2024-08-22,0.007788042442991358,1.0647844415106453
2024-08-23,-0.0022597124418641734,1.0625247290687811
2024-08-26,0.002883138813172991,1.065407867881954
2024-08-27,0.006709301364903528,1.0721171692468576
2024-08-28,0.0004936925613816666,1.0726108618082393
2024-08-29,-0.015390362211482433,1.057220499596757
2024-08-30,-0.016922695319228482,1.0402978042775284
2024-09-02,0.01432026884214582,1.0546180731196741
2024-09-03,-0.0049479480923331366,1.049670125027341
2024-09-04,0.002054035983348782,1.0517241610106898
2024-09-05,0.0004641309249284494,1.0521882919356182
2024-09-06,0.007307161703517378,1.0594954536391357
2024-09-09,0.0012080807212858065,1.0607035343604214
2024-09-10,0.0009314501379040374,1.0616349844983255
2024-09-11,-0.010572694413561536,1.051062290084764
2024-09-12,0.0036626911817413837,1.0547249812665054
2024-09-13,0.0042188808444831765,1.0589438621109886
2024-09-18,0.0028097962500316983,1.0617536583610203
2024-09-19,-0.0016575959955726402,1.0600960623654476
2024-09-20,0.002130247317258649,1.0622263096827063
2024-09-23,0.002669324962462539,1.0648956346451688
2024-09-24,-0.009212909502692712,1.055682725142476
2024-09-25,0.0019358908400042925,1.0576186159824803
2024-09-26,-0.006898874383043039,1.0507197415994374
2024-09-27,-0.008245870264408374,1.042473871335029
2024-09-30,0.006159368747205599,1.0486332400822347
2024-10-08,0.009458230045070093,1.0580914701273048
2024-10-09,0.004428801219191306,1.062520271346496
2024-10-10,0.0027905124971749806,1.065310783843671
2024-10-11,0.003549279070281957,1.068860062913953
2024-10-14,0.006192708603184723,1.0750527715171379
2024-10-15,0.0017120639762153607,1.0767648354933532
2024-10-16,0.002108807153852397,1.0788736426472056
2024-10-17,-0.0020434737840189367,1.0768301688631867
2024-10-18,-0.007284757144112434,1.0695454117190744
2024-10-21,0.005475154873402804,1.0750205665924772
2024-10-22,-0.0014233914621564604,1.0735971751303208
2024-10-23,0.003166856689884953,1.0767640318202059
2024-10-24,0.002693149950326153,1.079457181770532
2024-10-25,-0.0038437614447601066,1.075613420325772
2024-10-28,0.0021241542736762644,1.0777375745994482
2024-10-29,0.0024052207715511737,1.0801427953709994
2024-10-30,0.0013908334115981802,1.0815336287825976
2024-10-31,-0.0012667259244655644,1.080266902858132
2024-11-01,0.007953259796288031,1.0882201626544201
2024-11-04,-0.00014773216293964556,1.0880724304914804
2024-11-05,-0.002797315612641381,1.085275114878839
2024-11-06,0.0062995688013155,1.0915746836801545
2024-11-07,-0.0014819866605118809,1.0900926970196427
2024-11-08,0.0040679716597482075,1.094160668679391
2024-11-11,-0.008523766128440975,1.08563690255095
2024-11-12,0.007801831325480487,1.0934387338764304
2024-11-13,0.0029967383281748155,1.0964354722046052
2024-11-14,0.007990179607644568,1.1044256518122497
2024-11-15,0.011875391494968652,1.1163010433072185
2024-11-18,0.013783021086140683,1.1300840643933592
2024-11-19,-0.003232413227746318,1.1268516511656128
2024-11-20,0.0019226593430532895,1.128774310508666
2024-11-21,-0.001285319907881424,1.1274889906007846
2024-11-22,0.004182654911328619,1.1316716455121132
2024-11-25,0.005532386146398894,1.1372040316585121
2024-11-26,0.0018148610215679684,1.1390188926800802
2024-11-27,-0.0036024538589182428,1.1354164388211618
2024-11-28,0.0018331690961237988,1.1372496079172856
2024-11-29,-0.001263616723296891,1.1359859911939887
2024-12-02,-0.002555771414618374,1.1334302197793704
2024-12-03,0.004257823562951969,1.1376880433423224
2024-12-04,0.0014336177727689954,1.1391216611150914
2024-12-05,-0.001274674841779819,1.1378469862733116
2024-12-06,-0.00010537308041325168,1.1377416131928983
2024-12-09,0.003312468727103145,1.1410540819200015
2024-12-10,-0.002453318131043199,1.1386007637889584
2024-12-11,0.0016129227221891751,1.1402136865111476
2024-12-12,-0.001289414928970469,1.1389242715821772
2024-12-13,0.00775452392020067,1.1466787955023778
2024-12-16,0.011069448684501557,1.1577482441868794
2024-12-17,-0.004923986386919005,1.1528242577999603
2024-12-18,0.0024345924928942603,1.1552588502928547
2024-12-19,-0.007326940516085407,1.1479319097767693
2024-12-20,-0.0012830491037378292,1.1466488606730314
2024-12-23,0.011057376114356898,1.1577062367873883
2024-12-24,-0.002110824038212958,1.1555954127491752
2024-12-25,0.005488897321155391,1.1610843100703305
2024-12-26,-0.006836366763693925,1.1542479433066366
2024-12-27,0.003687537912500348,1.157935481219137
2024-12-30,0.0038232838491012726,1.1617587650682382
2024-12-31,0.005698722906039214,1.1674574879742774
2025-01-02,0.004371095566936258,1.1718285835412137
2025-01-03,0.0014367370858828757,1.1732653206270964
2025-01-06,0.0015014219703983912,1.1747667425974948
2025-01-07,-0.004174742593673537,1.1705920000038212
2025-01-08,0.005135875540723178,1.1757278755445444
2025-01-09,-0.0045770394360281135,1.1711508361085163
2025-01-10,0.000885288965188585,1.172036125073705
2025-01-13,0.00047448515679118113,1.1725106102304963
2025-01-14,-0.0031240323205008374,1.1693865779099955
2025-01-15,0.007278645583865637,1.176665223493861
2025-01-16,0.002121742453239921,1.1787869659471009
2025-01-17,-0.0019677966519019013,1.176819169295199
2025-01-20,-0.004955041014568307,1.1718641282806308
2025-01-21,-0.001434398692901496,1.1704297295877293
2025-01-22,-0.0010998670062548033,1.1693298625814745
2025-01-23,0.011788767340751077,1.1811186299222256
2025-01-24,-0.003636403985919743,1.1774822259363058
2025-01-27,0.009850782251842488,1.1873330081881484
2025-02-05,-0.001966723854242105,1.1853662843339063
2025-02-06,-0.006100983283754702,1.1792653010501517
2025-02-07,-0.002830061274879023,1.1764352397752726
2025-02-10,-3.019043397693415e-05,1.1764050493412956
2025-02-11,0.00022690827268382255,1.1766319576139794
2025-02-12,-0.0040825233256911045,1.1725494342882883
2025-02-13,0.002832950539749769,1.175382384828038
2025-02-14,-0.003376013017023223,1.1720063718110147
2025-02-17,0.0036748759013011424,1.175681247712316
2025-02-18,0.0035487894159272034,1.1792300371282431
2025-02-19,-0.004857514473270966,1.1743725226549722
2025-02-20,-0.0017447618804366832,1.1726277607745355
2025-02-21,-0.009731797298046314,1.162895963476489
2025-02-24,0.003915019767313082,1.166810983243802
2025-02-25,-0.0026409156543509013,1.164170067589451
2025-02-26,0.0002859255162670349,1.1644559931057181
2025-02-27,0.002460387257534573,1.1669163803632527
2025-02-28,0.008817233371287333,1.17573361373454
2025-03-03,0.0021516422228345967,1.1778852559573747
2025-03-04,0.003930732704425342,1.1818159886618
2025-03-05,0.0020635736515243596,1.1838795623133245
2025-03-06,-0.009907322469232394,1.1739722398440922
2025-03-07,0.0011603590049608283,1.175132598849053
2025-03-10,-0.00037523026517637456,1.1747573685838768
2025-03-11,0.003840130122835482,1.1785974987067123
2025-03-12,0.001662353078551101,1.1802598517852634
2025-03-13,0.005069339856865446,1.185329191642129
2025-03-14,-0.00997700924408819,1.1753521823980406
2025-03-17,0.0017045357524386724,1.1770567181504792
2025-03-18,-0.002864995951986206,1.174191722198493
2025-03-19,0.0030142440817555204,1.1772059662802485
2025-03-20,0.005312425264440594,1.182518391544689
2025-03-21,0.007500615801314697,1.1900190073460037
2025-03-24,0.0011855625656365708,1.1912045699116403
2025-03-25,0.008326494256530639,1.199531064168171
2025-03-26,-0.0011348511857759065,1.198396212982395
2025-03-27,-0.0015244882692535002,1.1968717247131415
2025-03-28,0.0016443727519118822,1.1985160974650535
2025-03-31,0.003530078233158955,1.2020461756982124
2025-04-01,0.0017298697459655723,1.203776045444178
2025-04-02,0.004003991116232482,1.2077800365604103
2025-04-03,0.009648687817894217,1.2174287243783046
2025-04-07,0.016028520849442184,1.2334572452277468
2025-04-08,0.006028269900269201,1.239485515128016
2025-04-09,-0.0007901803332575274,1.2386953347947585
2025-04-10,-0.0022399609556727432,1.2364553738390858
2025-04-11,0.004558415642995008,1.2410137894820807
2025-04-14,0.0026472694564208987,1.2436610589385015
2025-04-15,0.0012423034596218399,1.2449033623981234
2025-04-16,0.0019778111988505774,1.246881173596974
2025-04-17,0.0014403743121337272,1.2483215479091077
2025-04-18,0.0034272578003228978,1.2517488057094306
2025-04-21,-0.002739346367122688,1.249009459342308
2025-04-22,0.0023859201512026833,1.2513953794935107
2025-04-23,-0.001607468893516992,1.2497879105999936
2025-04-24,0.0008562477656672776,1.250644158365661
2025-04-25,0.0005506613156988267,1.2511948196813598
2025-04-28,0.0006116649675960705,1.2518064846489558
2025-04-29,0.0011426309203266037,1.2529491155692825
2025-04-30,0.0021246927954026934,1.255073808364685
2025-05-06,-0.0030037256090777835,1.2520700827556073
2025-05-07,0.005402469520091597,1.2574725522756989
2025-05-08,-0.0015248148280465016,1.2559477374476524
2025-05-09,0.0054046271587115426,1.261352364606364
2025-05-12,-0.006724597153074925,1.254627767453289
2025-05-13,0.005473501238888754,1.2601012686921778
2025-05-14,-0.0017608864469189087,1.2583403822452588
2025-05-15,0.005011454898296784,1.2633518371435555
2025-05-16,-0.0015073135810943496,1.2618445235624611
2025-05-19,0.0038806843053035747,1.2657252078677648
2025-05-20,-0.001822070229726878,1.2639031376380379
2025-05-21,-0.00022394051155969765,1.2636791971264782
2025-05-22,0.004057403963438074,1.2677366010899163
2025-05-23,-4.187625468483368e-05,1.2676947248352315
2025-05-26,0.003127562647502759,1.2708222874827342
2025-05-27,0.008020201112943324,1.2788424885956775
2025-05-28,0.0006601130711173991,1.279502601666795
2025-05-29,-0.005287089704667377,1.2742155119621277
2025-05-30,0.008384334772290407,1.2825998467344182
2025-06-03,0.0009035724533266641,1.2835034191877448
2025-06-04,-0.005185923898541937,1.278317495289203
2025-06-05,-0.005005439397570247,1.2733120558916327
2025-06-06,0.003336322758443621,1.2766483786500762
2025-06-09,-0.001653876775526537,1.2749945018745497
2025-06-10,0.0034691058851230162,1.2784636077596727
2025-06-11,-0.0022275714789118262,1.276236036280761
2025-06-12,-0.0007588746984919817,1.275477161582269
2025-06-13,0.0027302650805968963,1.278207426662866
2025-06-16,0.0018206473146207152,1.2800280739774867
2025-06-17,0.0020674614097212453,1.2820955353872079
2025-06-18,0.0028289905491807542,1.2849245259363886
2025-06-19,0.00189083881339663,1.2868153647497853
2025-06-20,0.0048920537197259,1.2917074184695112
2025-06-23,0.0009249196228957987,1.292632338092407
2025-06-24,-0.00512250764948078,1.2875098304429262
2025-06-25,-0.002052024145936551,1.2854578062969897
2025-06-26,0.003176752340385317,1.288634558637375
2025-06-27,-0.0018548120850001334,1.286779746552375
2025-06-30,-0.002574567042807805,1.284205179509567
2025-07-01,0.0015526625482060181,1.285757842057773
2025-07-02,0.005329076617057784,1.2910869186748308
2025-07-03,-0.0048821386296983476,1.2862047800451324
2025-07-04,0.001289401940470447,1.2874941819856027
2025-07-07,0.005232059284540977,1.2927262412701437
2025-07-08,-0.005041564826701027,1.2876846764434426
2025-07-09,0.0020943757966547334,1.2897790522400974
2025-07-10,-0.00028352912828938235,1.289495523111808
2025-07-11,-0.00019939607358594792,1.289296127038222
2025-07-14,0.0024194755732692163,1.291715602611491
2025-07-15,-0.004306383924007468,1.2874092186874837
2025-07-16,0.0008145489295005938,1.2882237676169843
2025-07-17,-0.005285848929983204,1.2829379186870011
2025-07-18,0.0005909840525784645,1.2835289027395795
2025-07-21,0.012227747250193103,1.2957566499897726
2025-07-22,0.01100798167388374,1.3067646316636563
2025-07-23,-0.0016687337550032398,1.305095897908653
2025-07-24,0.002158248497357958,1.307254146406011
2025-07-25,0.00015808854027154386,1.3074122349462824
2025-07-28,-0.004642145403822456,1.30277008954246
2025-07-29,-0.005482669689988687,1.2972874198524713
2025-07-30,0.0046667964386420836,1.3019542162911133
2025-07-31,0.0018258558217403875,1.3037800721128536
2025-08-01,0.0034300058909137684,1.3072100780037674
2025-08-04,-0.0019947122391332102,1.3052153657646342
2025-08-05,0.00040387480833368864,1.3056192405729679
2025-08-06,0.00017805931105692146,1.3057972998840248
2025-08-07,0.0004309999755676932,1.3062282998595924
2025-08-08,0.003996230909798378,1.3102245307693907
2025-08-11,-0.005712940172849638,1.304511590596541
2025-08-12,-0.0017346534319876807,1.3027769371645532
2025-08-13,-0.008655824061839911,1.2941211131027133
2025-08-14,-0.0025110944577788523,1.2916100186449344
2025-08-15,-0.0039378566400015995,1.2876721620049327
2025-08-18,-0.00583061031009223,1.2818415516948405
2025-08-19,0.0023063894767478502,1.2841479411715884
2025-08-20,-0.0033823030756805223,1.2807656380959078
2025-08-21,0.002535215493679182,1.283300853589587
2025-08-22,-0.01864718585066505,1.264653667738922
2025-08-25,-0.006639143396846027,1.258014524342076
2025-08-26,0.0030516301421095442,1.2610661544841855
2025-08-27,-0.003955997910453488,1.257110156573732
2025-08-28,-0.012072603132197823,1.245037553441534
2025-08-29,-0.005325667214524673,1.2397118862270093
2025-09-01,-0.00341606820836378,1.2362958180186456
2025-09-02,0.010303809462190621,1.2465996274808362
2025-09-03,-0.0030338580357483903,1.243565769445088
2025-09-04,0.0170619951656009,1.2606277646106887
2025-09-05,-0.013379074335659517,1.2472486902750293
2025-09-08,0.012100740205413435,1.2593494304804427
2025-09-09,0.0027360225286997795,1.2620854530091425
2025-09-10,-0.005162955352066885,1.2569224976570756
2025-09-11,-0.011292769112761012,1.2456297285443145
2025-09-12,0.004371600918962977,1.2500013294632775
2025-09-15,-0.0043794106044489816,1.2456219188588284
2025-09-16,-0.00143382271861238,1.244188096140216
2025-09-17,-2.338268554529527e-05,1.2441647134546707
2025-09-18,-0.005712099140945864,1.2384526143137249
2025-09-19,-7.276109490930767e-05,1.2383798532188155
2025-09-22,-0.008152349781824471,1.230227503436991
2025-09-23,0.0035223684285134184,1.2337498718655044
2025-09-24,-0.005842869534794009,1.2279070023307104
2025-09-25,-0.010282482063651855,1.2176245202670586
2025-09-26,0.010924792347278167,1.2285493126143368
2025-09-29,-0.00455433753172194,1.223994975082615
2025-09-30,-0.0014860093824628554,1.222508965700152
2025-10-09,0.0037044947482652818,1.2262134604484172
2025-10-10,0.02047681388385531,1.2466902743322725
2025-10-13,-0.001572985735964292,1.2451172885963082
2025-10-14,0.019375990007915372,1.2644932786042236
2025-10-15,-0.009286353617309442,1.2552069249869142
2025-10-16,0.0025687999488771887,1.2577757249357915
2025-10-17,0.011373793758935363,1.2691495186947268
2025-10-20,-0.004196316423395663,1.2649532022713312
2025-10-21,-0.00918588588923321,1.255767316382098
2025-10-22,0.005988002949716845,1.2617553193318147
2025-10-23,0.005447606363568632,1.2672029256953834
2025-10-24,-0.011994641399149462,1.255208284296234
2025-10-27,-0.00375935333071766,1.2514489309655163
2025-10-28,0.0008520297055239148,1.2523009606710402
2025-10-29,-0.00694628008967065,1.2453546805813696
2025-10-30,0.009352373709887844,1.2547070542912575
2025-10-31,0.009391682523276998,1.2640987368145344
2025-11-03,0.006395224962360188,1.2704939617768947
2025-11-04,0.009805538964357086,1.2802995007412517
2025-11-05,-0.002024860125353484,1.2782746406158982
2025-11-06,-0.0075504116668451745,1.270724228949053
2025-11-07,0.003914062079292987,1.274638291028346
2025-11-10,0.008687443342523408,1.2833257343708695
2025-11-11,0.0068130473024824775,1.290138781673352
2025-11-12,0.00235279305695699,1.292491574730309
2025-11-13,-0.012720435981594258,1.2797711387487147
2025-11-14,0.010813619465696063,1.2905847582144108
2025-11-17,0.0002056347618149859,1.2907903929762257
2025-11-18,0.0015083380054829766,1.2922987309817087
2025-11-19,0.0006169863991588074,1.2929157173808674
2025-11-20,0.00486762482447218,1.2977833422053395
2025-11-21,0.01002763741666439,1.3078109796220039
2025-11-24,-0.003529745693486496,1.3042812339285175
2025-11-25,-0.004723501204898634,1.2995577327236187
2025-11-26,-0.003261812261830981,1.2962959204617877
2025-11-27,0.004042995335466826,1.3003389157972545
2025-11-28,0.0023979588486375417,1.302736874645892
2025-12-01,-0.0008006415610685837,1.3019362330848234
2025-12-02,0.004114755393994917,1.3060509884788183
2025-12-03,0.007438543897113479,1.3134895323759317
2025-12-04,-0.002746857052347444,1.3107426753235842
2025-12-05,-0.0028781155545524123,1.307864559769032
2025-12-08,-0.012136699968022786,1.2957278598010091
2025-12-09,-0.0031283630713097414,1.2925994967296994
2025-12-10,0.0032283774008971164,1.2958278741305966
2025-12-11,0.004542314155907335,1.300370188286504
2025-12-12,-0.0008868242400504212,1.2994833640464536
2025-12-15,0.010435599805546739,1.3099189638520004
2025-12-16,0.0035574710397345407,1.313476434891735
2025-12-17,-0.005058796816991216,1.3084176380747436
2025-12-18,0.009720001309283135,1.3181376393840267
2025-12-19,-6.836539057513552e-06,1.3181308028449692
2025-12-22,-0.009905097131057314,1.308225705713912
2025-12-23,-0.0017206550458955363,1.3065050506680165
2025-12-24,-0.0019478393788005582,1.3045572112892159
2025-12-25,-0.0006470753466663229,1.3039101359425496
2025-12-26,-0.003905646819265452,1.300004489123284
