date,cumulative_excess_return,alpha158,alpha360
2022-01-04,0.0129672054219123,0.0006712675094604492,0.0006712675094604492
2022-01-05,0.0284824436078001,0.012335286436760962,0.013733000009928942
2022-01-06,0.0319976528707772,0.013040726002419678,0.01297557540100458
2022-01-07,0.0477839625343032,0.019547826885481623,0.018682435565575695
2022-01-10,0.0509953344821965,0.024313863252349854,0.01932899758502571
2022-01-11,0.0581939159330515,0.024973136973775345,0.024294146540144057
2022-01-12,0.0496632854531537,0.020611149058004097,0.018070949514067625
2022-01-13,0.0613493737170209,0.027548942441401048,0.02441904507244419
2022-01-14,0.0495911132737243,0.01865094841367476,0.016024306712273617
2022-01-17,0.0430110574102515,0.018781389866440845,0.015334143858942939
2022-01-18,0.0460214987874194,0.020710425820557044,0.013049547196366529
2022-01-19,0.0546052791494533,0.024448379011782873,0.015670443086749142
2022-01-20,0.0647756680553477,0.027568800687751693,0.022461113288517964
2022-01-21,0.0705096941240954,0.02825959027121261,0.025958665914864287
2022-01-24,0.0598205369877982,0.019853104216552397,0.01864803637569956
2022-01-25,0.0638874878732487,0.02046652039894914,0.019769635342063774
2022-01-26,0.0635855145879122,0.021760499589819515,0.0221092519794992
2022-01-27,0.0744629346960317,0.023158065819825158,0.024369800066510017
2022-01-28,0.0827006870449389,0.0273275557313033,0.03213774194141372
2022-02-07,0.0905082753609409,0.03554534801935616,0.03647113294009263
2022-02-08,0.1095085275394474,0.042860848768055515,0.046113676137563564
2022-02-09,0.1009921107408826,0.037313027031776747,0.038836094988944136
2022-02-10,0.1094248105985982,0.04440582502613655,0.04216549519210511
2022-02-11,0.1199037665287381,0.04990292294778231,0.04954517205740849
2022-02-14,0.1174672449570037,0.05158878422417046,0.04941318763835589
2022-02-15,0.1004499451265066,0.04383498603093838,0.039759128864640614
2022-02-16,0.1047858928460376,0.04589495229403018,0.044848439858638844
2022-02-17,0.1007162900167355,0.03892533699941536,0.040127281496246114
2022-02-18,0.1034414663151925,0.03848051169601008,0.03598929280043284
2022-02-21,0.0986920519002281,0.040233261050337754,0.037144836908090895
2022-02-22,0.1012045812318753,0.03867899191906932,0.03849699873564538
2022-02-23,0.0850600367189935,0.03199118464353545,0.03296853532191668
2022-02-24,0.0824615241319584,0.02643720120528248,0.027837778536170754
2022-02-25,0.0803102554909198,0.024160397526836963,0.0240969431300313
2022-02-28,0.0794606356502438,0.01669490667381912,0.019857575130635352
2022-03-01,0.0794974602504567,0.017851888228644475,0.019063623335248137
2022-03-02,0.0884879081767484,0.02231072532517886,0.02902832585741333
2022-03-03,0.1049516219083628,0.031360284553155315,0.03964486615005813
2022-03-04,0.104735127158672,0.0329185148487392,0.04709591990056894
2022-03-07,0.1160364552722574,0.03570643363948589,0.051601312048042525
2022-03-08,0.1243114860798511,0.03575792703193148,0.057732248065213154
2022-03-09,0.1146615287060555,0.025581293672601424,0.04839674683812012
2022-03-10,0.1067333312614304,0.024451772760209822,0.0460112182242125
2022-03-11,0.1099860859705095,0.026991906834228363,0.05143256068053481
2022-03-14,0.1164015467661077,0.03283144098864077,0.05758380321628187
2022-03-15,0.1184809509285236,0.034114465645346925,0.05944548022108864
2022-03-16,0.1168702062784723,0.03365447068879246,0.05610996280300551
2022-03-17,0.1126506567523233,0.02648747703448673,0.05635578302068778
2022-03-18,0.1135467899942206,0.030032178333026405,0.05787147225449685
2022-03-21,0.1102505490363068,0.027214224638512086,0.057784092710718715
2022-03-22,0.112326890624411,0.030435175814359727,0.06217302610841213
2022-03-23,0.1117495234987744,0.025472214606750976,0.06121144884334018
2022-03-24,0.1069955987237381,0.0214686884884443,0.05356305937964079
2022-03-25,0.1197027108105743,0.03193160293981201,0.06224689457299837
2022-03-28,0.12603654511037,0.03496909257967418,0.06650985415642108
2022-03-29,0.1221852478769436,0.03107898771101536,0.05948811566293788
2022-03-30,0.1223277023908409,0.025077760554449657,0.05813980843485056
2022-03-31,0.1374729862458303,0.033233989771247474,0.0637178314096456
2022-04-01,0.1454348460473014,0.033540923937465106,0.061377301150170815
2022-04-06,0.1595038466618512,0.049217018540562485,0.07410356857075895
2022-04-07,0.1606845385420883,0.04923223602215554,0.07191771365904942
2022-04-08,0.162533912764061,0.04365953601147288,0.0677769226464866
2022-04-11,0.1735423866203111,0.045754699749243066,0.07160715807416573
2022-04-12,0.1772168151779334,0.05177555375293563,0.07537746281762403
2022-04-13,0.1770434458200975,0.049631631631702255,0.0791154602894808
2022-04-14,0.1672805340485303,0.04509604359332253,0.07533510763653783
2022-04-15,0.1713308790413967,0.04732139014629255,0.07929641927031761
2022-04-18,0.1733593434568494,0.047730033397776594,0.07879771568060878
2022-04-19,0.1745610599395834,0.04658413873248879,0.07874931594675338
2022-04-20,0.1855628429744926,0.05159466927014145,0.08580790840093355
2022-04-21,0.1873718775481474,0.04915740451823658,0.08574640238838893
2022-04-22,0.1922388336638438,0.05553850794976123,0.08498617972182743
2022-04-25,0.1971486279558216,0.05615912811808044,0.07488406362247213
2022-04-26,0.2056692911916096,0.055283531666870056,0.07589306347074287
2022-04-27,0.2073026530648014,0.05513883995104352,0.08244548194819479
2022-04-28,0.1919598236761148,0.048828165441459515,0.06629939756971703
2022-04-29,0.197759912781857,0.04638149277072334,0.06744261323749501
2022-05-05,0.1992368916457179,0.03967739764719003,0.06228437929435726
2022-05-06,0.2066347287734264,0.03877179288095034,0.06398786600822093
2022-05-09,0.2058891901419659,0.0448619844214424,0.06673000318069255
2022-05-10,0.2036811598434513,0.04520818326877585,0.06757375646330543
2022-05-11,0.2004282357217968,0.041572999687410794,0.06875570360365679
2022-05-12,0.2075275062910078,0.045281312642471594,0.07330122686531482
2022-05-13,0.2053646468902579,0.041370778416704335,0.07382889020803263
2022-05-16,0.2033839044111773,0.039706035163008746,0.07375482037738834
2022-05-17,0.1985974606656066,0.03565303179199186,0.07031766988309252
2022-05-18,0.2037093431139094,0.040243037277542415,0.07211579045001715
2022-05-19,0.2020645334351216,0.03638825221207287,0.06901223647424137
2022-05-20,0.202817241130166,0.03718852095202352,0.07125629108492704
2022-05-23,0.2081331389981688,0.0405688626422247,0.07011774533866255
2022-05-24,0.2151651396938287,0.04245139718806268,0.07486754534600659
2022-05-25,0.2236072503934127,0.0473739162885376,0.07905327218713354
2022-05-26,0.2291565965859543,0.05383273714303893,0.08286166410643969
2022-05-27,0.2312222989164463,0.056498684790389,0.08242762084615407
2022-05-30,0.2348740783234744,0.059470649507484596,0.0821309180751828
2022-05-31,0.2341325971999439,0.05421173345311803,0.07968953659625488
2022-06-01,0.2361545831535954,0.05782120091318199,0.08305193490044371
2022-06-02,0.2335822605512776,0.05503002284962055,0.08099008698514143
2022-06-06,0.2238555440195093,0.04656366936705569,0.07191843347140825
2022-06-07,0.2263418577109766,0.043999139391768693,0.06987297360127132
2022-06-08,0.2257905123771963,0.04146239713875044,0.06787531663593582
2022-06-09,0.2348890519895232,0.04859691597641125,0.077074402570662
2022-06-10,0.230680260598409,0.04553613024061476,0.07306665726107453
2022-06-13,0.2222580429725575,0.03925012321836241,0.06787931263963709
2022-06-14,0.2307366568491353,0.04059563801671606,0.07072068018038613
2022-06-15,0.2420146664177171,0.05412360400685112,0.08228800968155192
2022-06-16,0.2342050245783746,0.05265780368062756,0.08088683780462769
2022-06-17,0.2233229125624634,0.041468429212205615,0.07357386327166027
2022-06-20,0.2209327011917281,0.04321676249172346,0.07391889348597358
2022-06-21,0.2306884777055438,0.05091481070094783,0.08325364011399938
2022-06-22,0.2327542491490322,0.05115767281197048,0.08244176409482207
2022-06-23,0.2264616959452436,0.045149452284281244,0.07602846007104791
2022-06-24,0.2204698087349161,0.037268837551275524,0.07173685270139774
2022-06-27,0.2180838301826149,0.035110006599957666,0.06686307689474247
2022-06-28,0.2176288371702195,0.035468487405527105,0.06583374142360121
2022-06-29,0.2289152382643007,0.04522937278593875,0.07657113349793288
2022-06-30,0.2196854900380571,0.03800105763277961,0.06768043931251255
2022-07-01,0.2221759124150941,0.04006069726575068,0.07145440932791547
2022-07-04,0.2114348617709793,0.035052098721864766,0.060602841213063696
2022-07-05,0.2083682747055442,0.03771195190031018,0.06091166122333047
2022-07-06,0.212516873343854,0.03885022101654201,0.06155840923532119
2022-07-07,0.2068501526664765,0.035968971079694434,0.05627585850701755
2022-07-08,0.218960059065318,0.04487788888598554,0.06821211383230352
2022-07-11,0.2318213394903918,0.048508232100609616,0.07262257796328364
2022-07-12,0.2392908551317267,0.058071828816752324,0.08040655149631504
2022-07-13,0.2392491901565867,0.058019049957029445,0.07804299302442752
2022-07-14,0.232504541779863,0.05113681611694476,0.06747729742389796
2022-07-15,0.231422239094015,0.04701126985708193,0.06570147455783948
2022-07-18,0.2288213389642543,0.053251537480209166,0.06587429981905335
2022-07-19,0.2349522418022482,0.06287646256589263,0.0747970208951867
2022-07-20,0.2337671618718004,0.06576879099315458,0.07577923691247634
2022-07-21,0.239436986191567,0.07126075636934259,0.08136014405972536
2022-07-22,0.2464102397427954,0.07701111654621062,0.08676756528545382
2022-07-25,0.2522185431178436,0.0781009999329858,0.09335069131342544
2022-07-26,0.2476338119416097,0.07622979486154136,0.09024700692659571
2022-07-27,0.2415410242392632,0.07031446697893573,0.08470567683139896
2022-07-28,0.2436507816687172,0.07493872338269902,0.08532453269729157
2022-07-29,0.246083819726711,0.074332584065679,0.08578729198648438
2022-08-01,0.2320044222932775,0.06529187144131288,0.07503648270352836
2022-08-02,0.2315303588909925,0.059709187351812965,0.0715638330037407
2022-08-03,0.2307496151269237,0.05935710926169602,0.0712571486062652
2022-08-04,0.2302418560354595,0.06277151629507727,0.07565899991307923
2022-08-05,0.2291384553195887,0.06742176689713686,0.07736287581140311
2022-08-08,0.2193720563001091,0.059880013838264246,0.07106040746162323
2022-08-09,0.213641950091421,0.05269163505589236,0.06624711637940917
2022-08-10,0.216236991677343,0.051685165866315774,0.06576887852996971
2022-08-11,0.2248280026668023,0.0603039634179765,0.07112248862542403
2022-08-12,0.2343404514539047,0.06911489534010418,0.07899475930033772
2022-08-15,0.2252980114099838,0.06149232122188075,0.0725987497874605
2022-08-16,0.2227876524560788,0.056792222888129684,0.0712927002368684
2022-08-17,0.222601240674223,0.05865933976284854,0.07193193068230719
2022-08-18,0.2146013427047317,0.05360823241802071,0.068047913080173
2022-08-19,0.2296369519613736,0.06375370915281109,0.0788000546135903
2022-08-22,0.2221658654457803,0.05840846328361238,0.07344131728705228
2022-08-23,0.226108043063923,0.05784847275213911,0.0746259142355401
2022-08-24,0.2438582064611052,0.06967474427637876,0.08791786291711845
2022-08-25,0.2484768066682863,0.07424782429360777,0.09232305656718265
2022-08-26,0.2512348358004839,0.07635792888840687,0.09657717219529305
2022-08-29,0.2542029218274084,0.07807198203381116,0.10017425240345323
2022-08-30,0.2661983124416458,0.08716486076116148,0.11093669271259832
2022-08-31,0.2791657812142007,0.10263569645854087,0.1248363370555039
2022-09-01,0.2833950462200481,0.10507681558583726,0.12814602515678097
2022-09-02,0.2823462385119093,0.10417308344376974,0.12870919121249402
2022-09-05,0.2833743014791825,0.09792909595774679,0.12377260491568576
2022-09-06,0.2788665216987582,0.0880355995529154,0.11866564167621774
2022-09-07,0.2745796545320016,0.08360210176777949,0.11567590513316528
2022-09-08,0.2801742267792706,0.08546953038584615,0.1185395207709985
2022-09-09,0.277994240639368,0.08612059230765334,0.11835363533262933
2022-09-13,0.2787109366965583,0.08622012679534374,0.12144866653491393
2022-09-14,0.2798732677978661,0.0851259899092296,0.12139599843027216
2022-09-15,0.2973162237345048,0.10212053625787654,0.13284375467647314
2022-09-16,0.2939257710026006,0.10169887716066772,0.1325788735324176
2022-09-19,0.2947322179404315,0.09429615848513895,0.12957686822667291
2022-09-20,0.2911568466154859,0.09136985045553758,0.12778615407521499
2022-09-21,0.2995840683512376,0.09717831337755789,0.1352445701508418
2022-09-22,0.2970992646230841,0.0922539625888501,0.13109791742712695
2022-09-23,0.3021209948875469,0.09622298360150627,0.13789115261967688
2022-09-26,0.2983094889639996,0.08608544067526447,0.13033074181978366
2022-09-27,0.2956672734470116,0.08910708134395051,0.13298570368883333
2022-09-28,0.3028924781456399,0.0955299985258733,0.14352716289946033
2022-09-29,0.2967370104890747,0.0850975534587941,0.13427574866198944
2022-09-30,0.3034340689805246,0.09184812735162695,0.14040754316676374
2022-10-10,0.3066936077105366,0.09509086699945635,0.14415587181650769
2022-10-11,0.3092743333582446,0.09656977986172732,0.14759791621431306
2022-10-12,0.3165411269010256,0.09880813619891327,0.15252034975994921
2022-10-13,0.3158865001539364,0.10195656224041416,0.15564738364129527
2022-10-14,0.3103518635794582,0.09038838752864753,0.1446307094807906
2022-10-17,0.3156763461471372,0.09047303843474164,0.14427220307896427
2022-10-18,0.3144892266397943,0.08524356990600723,0.14313802597349157
2022-10-19,0.3205169842800464,0.08764026299919969,0.14733184729229487
2022-10-20,0.3272769413434198,0.08984689333767193,0.1518558501898717
2022-10-21,0.3253226505734412,0.0882812770505168,0.14956526450452623
2022-10-24,0.3235161743222914,0.0832497985624907,0.14515401867236744
2022-10-25,0.3268224630854608,0.08110963326263221,0.14245783275348622
2022-10-26,0.3302808882588646,0.07434488116875038,0.14202920037698208
2022-10-27,0.3459371039715098,0.08224983826185261,0.15664702836196298
2022-10-28,0.3453491686006988,0.08108731502613464,0.1550968272778097
2022-10-31,0.3487047461476971,0.08223534652535158,0.1581621819483403
2022-11-01,0.3496664871361605,0.08803001364443674,0.15932885291718057
2022-11-02,0.3420449001165657,0.08415953162517442,0.15222500858021348
2022-11-03,0.3368035884247391,0.08138155834141658,0.1482891417906167
2022-11-04,0.3287742953434762,0.07227590469126266,0.1405691802447444
2022-11-07,0.3325858014313718,0.07628570681757951,0.14552068619032288
2022-11-08,0.3321788681216453,0.07528125895320503,0.14455532390708803
2022-11-09,0.3334830053896072,0.076261608069085,0.1446349804940723
2022-11-10,0.3448155921501032,0.08626468245766561,0.1562830093850207
2022-11-11,0.3490059356358825,0.08971722186366371,0.1590037771950208
2022-11-14,0.3526576689743266,0.0959354944783617,0.1634798449752215
2022-11-15,0.3424968816036382,0.0903989714572595,0.1553080090422334
2022-11-16,0.3454436314031646,0.09297705897304165,0.16001461886289015
2022-11-17,0.3494397349042228,0.09615160453236848,0.16044474147595533
2022-11-18,0.3498876340738892,0.09739981241670015,0.16261502042537535
2022-11-21,0.3415047257433261,0.09044004318910792,0.15421102133161435
2022-11-22,0.366860657937226,0.10914407005488314,0.1747584074142301
2022-11-23,0.3748592611440957,0.11568468758701145,0.18275245706047993
2022-11-24,0.3701800995735602,0.11090998962581722,0.1766826104623047
2022-11-25,0.3927892919263311,0.1267000012327868,0.19185817590775733
2022-11-28,0.3933043738757877,0.1266973946552239,0.19023724143338328
2022-11-29,0.3942603636373685,0.1284540642744021,0.19181383704627097
2022-11-30,0.3911533719383018,0.12781546885195505,0.19094201328492133
2022-12-01,0.3851529370211419,0.12445359509784093,0.190266219789611
2022-12-02,0.3898378357586487,0.12708981527146634,0.19331187135600314
2022-12-05,0.4097750975180045,0.13741143365213615,0.20356457997208377
2022-12-06,0.4032533668763782,0.13401896982168338,0.1994881228862153
2022-12-07,0.4018147984263966,0.13238429722272027,0.19560734351511244
2022-12-08,0.4015840629090568,0.12913656331382284,0.19200582423010149
2022-12-09,0.3934588492972088,0.1287386545463276,0.1907457749328081
2022-12-12,0.3883886282123838,0.13028007732080948,0.19174000111215772
2022-12-13,0.4022967136325075,0.13593550251667286,0.1970727454512209
2022-12-14,0.4023724664730264,0.13541377551385314,0.1975003748339983
2022-12-15,0.3932963979098134,0.13394435250654557,0.1950356034712093
2022-12-16,0.3989702050967563,0.1340614998303229,0.195975389783406
2022-12-19,0.4003492528461352,0.13557827365550956,0.19633849376015733
2022-12-20,0.4067867136395748,0.14453052250082732,0.20405724264032976
2022-12-21,0.4095581994641193,0.14327565201769565,0.20581733994977602
2022-12-22,0.4140584834352794,0.14442125662105676,0.20719076181847873
2022-12-23,0.4203647889527433,0.1504762013840364,0.21499631045217926
2022-12-26,0.4049550782945725,0.14215669964895272,0.20784018419109573
2022-12-27,0.4059932594417226,0.1397371375162857,0.2040862062399622
2022-12-28,0.4052831648208512,0.13888061331964408,0.20109964236165112
2022-12-29,0.3983442218002084,0.13534725607059017,0.19710294781595317
2022-12-30,0.4072942291201684,0.1378408956016013,0.20387026907193895
2023-01-03,0.3999677159666743,0.13763392297627064,0.20609273586706678
2023-01-04,0.4009479759383276,0.14084986314732295,0.20814443597033438
2023-01-05,0.399897003774242,0.13927328126800775,0.20692200112285875
2023-01-06,0.3909161967650592,0.13610165804969077,0.20369286680115173
2023-01-09,0.3956551147306442,0.1356573378855772,0.20673417563401375
2023-01-10,0.3936727196916567,0.12891068333711742,0.20267160353650437
2023-01-11,0.3987239180406674,0.13179985810286188,0.21223787293677887
2023-01-12,0.4035530017007653,0.1326932719233822,0.21407308812576775
2023-01-13,0.4086093180388339,0.1344198848657907,0.2152160016269553
2023-01-16,0.411454785732761,0.13620071304198111,0.2167665286282987
2023-01-17,0.4131843380980993,0.13609012530081888,0.2157610525873066
2023-01-18,0.4162146626232195,0.13612625996314942,0.2167854960379254
2023-01-19,0.4130958954026993,0.13300609707979394,0.21433225032474668
2023-01-20,0.4156272403338843,0.13377639912352146,0.2188778910836502
2023-01-30,0.4169840110101879,0.1351628139535146,0.21690362497794857
2023-01-31,0.4205745309021438,0.1392498982826167,0.218252709187712
2023-02-01,0.4179081251063812,0.13562601695381837,0.21307337840371754
2023-02-02,0.4182264314637445,0.13350359883334018,0.20983475186841938
2023-02-03,0.4192440833792306,0.13231735125856248,0.20805875278044628
2023-02-06,0.4284101200521828,0.14321343229284267,0.21768703619809315
2023-02-07,0.4313607755411417,0.14571484690830672,0.21857010868779847
2023-02-08,0.4329411314718516,0.1470820023621009,0.22147938850892457
2023-02-09,0.4269109189782258,0.14014206017969144,0.21420382420278528
2023-02-10,0.4345697221339923,0.14986396164419946,0.2216994511892063
2023-02-13,0.4299339581424195,0.14758141759753207,0.2184849253811465
2023-02-14,0.4311653009110348,0.14632630021729542,0.21730256147670435
2023-02-15,0.4295675891407244,0.14382276589125165,0.21545937104255453
2023-02-16,0.4328303156332092,0.14713607817944507,0.21923295649084906
2023-02-17,0.445154391863142,0.1529936630670865,0.2267424139756844
2023-02-20,0.4417733652992932,0.15057789878276817,0.225662609271428
2023-02-21,0.4428760764252426,0.15305356599798015,0.2263847704131301
2023-02-22,0.4429840877246329,0.15280805984902868,0.22600585678461704
2023-02-23,0.4444160906829419,0.1574661233186121,0.2294291888171256
2023-02-24,0.4438931941911792,0.15578569183078805,0.22992732755487877
2023-02-27,0.4460150487030934,0.15547265934967092,0.2300653910200967
2023-02-28,0.4458667582714457,0.15744470677699218,0.23121266464969858
2023-03-01,0.4445314419148349,0.1563099363190954,0.2299715396251374
2023-03-02,0.4596667210690162,0.1615305313421087,0.23611868956488347
2023-03-03,0.4691534873138641,0.1672266033665779,0.24080337156828557
2023-03-06,0.4690779933079629,0.1691603015195966,0.2380393583853142
2023-03-07,0.4819980427068191,0.17217153811967711,0.24581231577635076
2023-03-08,0.4806188085132286,0.1712467672599154,0.24257120759360662
2023-03-09,0.4828645661398609,0.1690850144075684,0.24613633207263663
2023-03-10,0.4796243182411348,0.1691930539143811,0.2482456838279734
2023-03-13,0.4792841785260626,0.16334917259273718,0.2408457674281519
2023-03-14,0.481551372107865,0.16105025670425577,0.2392662846095246
2023-03-15,0.4953220608617392,0.16599155218778128,0.24505268590849116
2023-03-16,0.4952128209265518,0.1693578680348249,0.24938198962781644
2023-03-17,0.5029722166770809,0.1705442108676143,0.24978758159656111
2023-03-20,0.4999832934733976,0.1726843479497191,0.24939598871012492
2023-03-21,0.484545364248089,0.1689661677257981,0.24801876278556345
2023-03-22,0.4833933759011677,0.1643452463708175,0.2455803647535122
2023-03-23,0.4753333834749667,0.1614810831605782,0.2404721170389279
2023-03-24,0.4745133954689191,0.16218028994262612,0.2408110644410819
2023-03-27,0.4634048208439689,0.1627459307544432,0.24123987201741515
2023-03-28,0.4691218290762062,0.1654796775395091,0.24560864212182554
2023-03-29,0.4644153565688826,0.16222523857454552,0.24435313765955047
2023-03-30,0.4612445911786671,0.1667920395558815,0.2454129291393774
2023-03-31,0.4555635567562623,0.16151823343546945,0.23941204127366067
2023-04-03,0.4454166447263366,0.15592579288799757,0.2345359598123633
2023-04-04,0.4457771628987432,0.15158516217125406,0.23044915499637875
2023-04-06,0.4394708494666464,0.14187988502498916,0.22120363153128886
2023-04-07,0.4359273701122947,0.14170386725959938,0.21612107030955907
2023-04-10,0.4484684712413151,0.15369336608459627,0.22323607519104494
2023-04-11,0.445499991458788,0.15574485537670846,0.22302226288948646
2023-04-12,0.4429966928289612,0.15006800805320575,0.21659769012071317
2023-04-13,0.4547278812431805,0.15732545842170276,0.22401944262076512
2023-04-14,0.4468467429338016,0.14990880563368436,0.22005592089201054
2023-04-17,0.4565080062360811,0.15619960269275368,0.23012560460704323
2023-04-18,0.4578837746025037,0.15768958210757256,0.22809508162472403
2023-04-19,0.460900114404944,0.15411653916573265,0.2256778306352032
2023-04-20,0.4553142493195068,0.14466035465657612,0.2185584310271993
2023-04-21,0.4726306127685629,0.15439361417642505,0.22776147435957728
2023-04-24,0.483211346951095,0.15213080893663178,0.22505324037191943
2023-04-25,0.5054505259710496,0.158274130254352,0.2231667156466648
2023-04-26,0.4967851481883767,0.16156657747418968,0.22693185759025347
2023-04-27,0.5012239332490791,0.1697731883853424,0.22806342575784821
2023-04-28,0.510364044619319,0.1679133413932139,0.22813086017322948
2023-05-04,0.5310284223686228,0.16611420557196466,0.2215228307780095
2023-05-05,0.5473152974719009,0.17083387102636438,0.22505918750376197
2023-05-08,0.560309868205199,0.17869036915769665,0.22730943162678918
2023-05-09,0.5795310837111283,0.19068647456262866,0.23740412134114375
2023-05-10,0.5777528284921507,0.19221293753278768,0.24168326400531392
2023-05-11,0.5815272866852303,0.1980020894893988,0.24596458955163936
2023-05-12,0.5872612996042532,0.20032754223405247,0.24811110245650192
2023-05-15,0.57894068426917,0.19904088824697874,0.2471170005510812
2023-05-16,0.5810408218166008,0.19902622764697342,0.24960453231342705
2023-05-17,0.5767649290680481,0.19673446240294856,0.24735461069211517
2023-05-18,0.5731561985308773,0.19215081930035272,0.24143177703223873
2023-05-19,0.5640913883938714,0.18852383278906548,0.2421123277869095
2023-05-22,0.5689218714623736,0.19277276692941903,0.24458805717117715
2023-05-23,0.5660264718267829,0.1972920840040786,0.247399050491236
2023-05-24,0.5662098235380684,0.1957273983099439,0.24609701552569563
2023-05-25,0.567642859539492,0.19089438579805695,0.2434399357719612
2023-05-26,0.5694733956285225,0.1840503138932177,0.24185167367220872
2023-05-29,0.5815109842446797,0.18118736412363767,0.24393281557586732
2023-05-30,0.5824445050772531,0.17082776880265826,0.2381874118148568
2023-05-31,0.584701896563893,0.16625276652923549,0.23464247116692838
2023-06-01,0.5797349386666759,0.16634995368811079,0.23462386924422618
2023-06-02,0.5762463286902431,0.1705622892052332,0.24236993354449332
2023-06-05,0.5777321520790477,0.16840703011446534,0.24118504120312223
2023-06-06,0.5810617304533596,0.1751108020881309,0.24732537750958183
2023-06-07,0.5866431142439641,0.1712629904284233,0.24763780730838847
2023-06-08,0.6008312936345173,0.18029202745068962,0.2616465920555786
2023-06-09,0.5917532663901239,0.17000717610106708,0.2517168623073738
2023-06-12,0.586167031965803,0.16845875838438995,0.2504676153116343
2023-06-13,0.5852828731167368,0.16227159823940696,0.2450927470207982
2023-06-14,0.5817241317043709,0.1629026842087633,0.24295427649010937
2023-06-15,0.5800430423647092,0.16525292998601016,0.24396955813493948
2023-06-16,0.5706086759000868,0.1575619100878045,0.23826893304068975
2023-06-19,0.5665630353331939,0.15003881421773646,0.23234818949506342
2023-06-20,0.5611413236611011,0.14483036564176155,0.22668592910688146
2023-06-21,0.5818278250715365,0.1589101202565859,0.2421440982381189
2023-06-26,0.5920185732813965,0.16384443110956282,0.2498582947561785
2023-06-27,0.5962039515800819,0.16643452459253516,0.25571681220784437
2023-06-28,0.5996723786092182,0.17082527927978286,0.2622076388357235
2023-06-29,0.6000642693098353,0.16842143827286238,0.2590758265948434
2023-06-30,0.5999422632611318,0.17082641113534458,0.2608761251478404
2023-07-03,0.6022256802490631,0.1744217122087801,0.2661564925953741
2023-07-04,0.596193305741409,0.17278026074083597,0.2612592613738278
2023-07-05,0.6021205394127489,0.1814889364475658,0.27082310283008026
2023-07-06,0.6050525861587011,0.1831862736778027,0.27194315533103364
2023-07-07,0.6233787118118044,0.19566308795504628,0.28558028876184616
2023-07-10,0.6211741045412971,0.19458758750570637,0.28336414312110314
2023-07-11,0.6161042129904752,0.1939455637480998,0.2806286975745138
2023-07-12,0.6228347578795652,0.19874197338547006,0.2841446217422279
2023-07-13,0.6180357199147655,0.19649018598572332,0.2796291930177639
2023-07-14,0.6199688635178899,0.19638960258713056,0.28113719111374325
2023-07-17,0.6182117100229574,0.19608803345618053,0.2801623951524481
2023-07-18,0.6253766655835986,0.19895858225265006,0.28524676461576837
2023-07-19,0.6350415259857949,0.2038671808707102,0.291464226621333
2023-07-20,0.64443857676698,0.21133933225270152,0.2995538272350624
2023-07-21,0.6494784032821714,0.2151769320045076,0.3029499330032108
2023-07-24,0.6525790666240836,0.2155245135266688,0.3095583922733831
2023-07-25,0.6593555423711603,0.21909898024583208,0.3114469325296685
2023-07-26,0.6720499837649891,0.22186325347463254,0.3126202557678399
2023-07-27,0.6866257926053456,0.22705638949643792,0.3198373377905097
2023-07-28,0.7045107241483666,0.23372630106289338,0.3195532683421205
2023-07-31,0.7087653748684586,0.2334491386594073,0.31908964569338183
2023-08-01,0.709163012158011,0.22770312860101227,0.31613998689908285
2023-08-02,0.7079564251080512,0.2318415531071838,0.3169360641175991
2023-08-03,0.7108649528760194,0.22819419723498324,0.3140077255788747
2023-08-04,0.7029699964470191,0.22389626638614124,0.30764156143719923
2023-08-07,0.7009932707094677,0.22316613342593805,0.30883817203897235
2023-08-08,0.7005485211043117,0.22207992111631758,0.3092525453387329
2023-08-09,0.7059030729392108,0.22554587885272892,0.3110424724293759
2023-08-10,0.7095249649883377,0.2295862419173904,0.31260271426050723
2023-08-11,0.7158055391725846,0.2314227868474077,0.31520755265384826
2023-08-14,0.7141706532808769,0.2276228577642916,0.31248267337357594
2023-08-15,0.7255930311643084,0.2278875597783998,0.31383808654349865
2023-08-16,0.7369807993515567,0.2305036066256294,0.3170528644082906
2023-08-17,0.7334753103164773,0.2332706751442526,0.3175733394190705
2023-08-18,0.7477979452176533,0.2422189380651767,0.32721710474721855
2023-08-21,0.7523687373620132,0.2449038698457,0.32943738686123547
2023-08-22,0.7455208746581565,0.23660520249744055,0.32360355737915736
2023-08-23,0.7619975937770065,0.242811002780156,0.32730857617322884
2023-08-24,0.7452686775381665,0.23325666116833954,0.32131907213467814
2023-08-25,0.7584738549835499,0.23788905457024834,0.3241286406074495
2023-08-28,0.7677727649266819,0.23392523394343256,0.3193286186395419
2023-08-29,0.7514126525362075,0.2361624251324992,0.3221372641033049
2023-08-30,0.7477811692139678,0.23408460722093327,0.3260552150395841
2023-08-31,0.7517454600650704,0.23361919005356802,0.32809338390658804
2023-09-01,0.7542656687768277,0.23780161005630562,0.3320064573459489
2023-09-04,0.7559638644926567,0.241421023787046,0.3357763989408047
2023-09-05,0.7606265521859936,0.24890593482256818,0.33820645993278453
2023-09-06,0.7609851125115004,0.2543279944902346,0.34095856394960244
2023-09-07,0.7663176210415208,0.25547874083514,0.3385704455311014
2023-09-08,0.7613425768345954,0.25289531920502206,0.33619116234759083
2023-09-11,0.7676265990310995,0.2586269544871891,0.3406269142876466
2023-09-12,0.7697008801979301,0.2628186465023128,0.34450094586947766
2023-09-13,0.7776426461311334,0.2635531714903607,0.3452666555302415
2023-09-14,0.7854200890436174,0.26220365293503667,0.3472405694907035
2023-09-15,0.7888688069294445,0.2625045096062264,0.3504608386678152
2023-09-18,0.7873066044307921,0.2658940633134945,0.3537754685116934
2023-09-19,0.7945908962177,0.2632478309331481,0.3545942067393679
2023-09-20,0.8018041063866135,0.2610869284293327,0.35375562766238833
2023-09-21,0.8012530424896935,0.2624267940930427,0.352724579914947
2023-09-22,0.7892450535970723,0.25938408796077095,0.3477831447159332
2023-09-25,0.7913211694861051,0.25825082175838654,0.34632001775590004
2023-09-26,0.7855642976803492,0.2535160598684101,0.3412806159501476
2023-09-27,0.7775429225294488,0.25376729234281514,0.3394465222344043
2023-09-28,0.7755324960674217,0.25400976980241463,0.3367799397979785
2023-10-09,0.7820150189704675,0.25574609894559575,0.33534806080552304
2023-10-10,0.7749708903366317,0.2544432539915442,0.33065201514667053
2023-10-11,0.7710527189074936,0.24938461641314102,0.322094235614518
2023-10-12,0.7801432292980393,0.2541043972466417,0.32233090796185904
2023-10-13,0.7843116072948673,0.2540013015839362,0.3163040472823748
2023-10-16,0.8026332045371201,0.25906498346560847,0.3199594654636213
2023-10-17,0.801382617979665,0.2559714333278782,0.31968293458768526
2023-10-18,0.8026187318578288,0.25278969221854664,0.31318725630411914
2023-10-19,0.7997543198724069,0.25131588948672956,0.3121865407169102
2023-10-20,0.8073386392925552,0.25920611580265374,0.3191448045351708
2023-10-23,0.8119654488114842,0.25854339452151764,0.318748152486513
2023-10-24,0.8049303141251452,0.25565776026274634,0.3196186349908645
2023-10-25,0.8144523917574014,0.2646999622370929,0.32854025800544395
2023-10-26,0.8176754919170444,0.2655102884628473,0.3257652289986974
2023-10-27,0.8139025515097942,0.2670945096374502,0.32350654906302534
2023-10-30,0.795793400999911,0.2535594853009795,0.31233915868190487
2023-10-31,0.8002308996369301,0.2605341058721482,0.31572738481231166
2023-11-01,0.8101020993985857,0.2677508898176233,0.32301937332649056
2023-11-02,0.8162442231179579,0.27082808155516536,0.3271866362111344
2023-11-03,0.8004680113647638,0.2653965600635473,0.3198785419872765
2023-11-06,0.7855438580212268,0.2601608865859699,0.31349787430790865
2023-11-07,0.7815451625374183,0.2537079489398024,0.3080262072096043
2023-11-08,0.7735015127216096,0.24890717929972972,0.3010957660584903
2023-11-09,0.7737418270159535,0.25113550402160456,0.2999794190610001
2023-11-10,0.7745913319478102,0.2509526531842201,0.30027966515811433
2023-11-13,0.7740858930149972,0.25371271297350795,0.3051998513721479
2023-11-14,0.7773303304182904,0.25018636373494596,0.3022061736802695
2023-11-15,0.778597449644207,0.2527855595414894,0.30429345574463973
2023-11-16,0.7850062807449127,0.25353051546987126,0.30733722134524744
2023-11-17,0.7821169039148523,0.25169452660961644,0.3053308125751679
2023-11-20,0.7786820537331787,0.2513961197727068,0.30379056865331133
2023-11-21,0.7827516918017421,0.25409851105975645,0.30621654591092007
2023-11-22,0.7919920620963097,0.25926337416928824,0.3129683593880772
2023-11-23,0.7918743540116129,0.2579047872467528,0.3115399442236122
2023-11-24,0.7989384978336707,0.26029641436729345,0.31679691352488026
2023-11-27,0.7998566685662907,0.2556026585804858,0.31722238034523764
2023-11-28,0.7998166517215799,0.2546129015416805,0.3178954701352825
2023-11-29,0.8083991620483304,0.25275453225370903,0.31710757419905056
2023-11-30,0.8116860068412335,0.2502295514511448,0.31657717499929316
2023-12-01,0.8114310882906965,0.24686143258941384,0.31415409566579733
2023-12-04,0.8158227126678954,0.2450211450514166,0.3144116917948423
2023-12-05,0.8318267043740912,0.25028215257777764,0.31634677620557516
2023-12-06,0.8265260370650636,0.2485450870318895,0.31322640353339626
2023-12-07,0.8307980675392295,0.24592410317394675,0.3096242539101963
2023-12-08,0.825812434832083,0.23854195062081485,0.30115530271755486
2023-12-11,0.8224215497399154,0.2353277653728454,0.29709433267894725
2023-12-12,0.8261079701722733,0.23861953039461903,0.3010908144328268
2023-12-13,0.8360322938538363,0.23987784562869963,0.3013543641161964
2023-12-14,0.8403327427853773,0.2427287821446169,0.3047439507246885
2023-12-15,0.8389780632339838,0.24680710530689898,0.3090965497792453
2023-12-18,0.853896511955964,0.24411710116269525,0.3050869875557105
2023-12-19,0.8511982001236753,0.2380098246332767,0.3013486692411538
2023-12-20,0.8650651695379263,0.2392240751644683,0.3035966114630255
2023-12-21,0.8580340322794466,0.23764869337208006,0.30100739005942945
2023-12-22,0.8623945839570799,0.2410169016726702,0.30576813971888495
2023-12-25,0.863693104700535,0.23485627943118925,0.3029589037652485
2023-12-26,0.864394715309867,0.2361623063841083,0.30216268452654926
2023-12-27,0.8693170247100701,0.23475987825848432,0.29882584000557544
2023-12-28,0.8482820846323393,0.23564735688838634,0.303047380429432
2023-12-29,0.8419750890857995,0.23036920182854503,0.2963415550506119
2024-01-02,0.853137032443559,0.23201263075638634,0.29643540584152905
2024-01-03,0.8651350254149377,0.23333456249551476,0.30009264134936364
2024-01-04,0.8738161679897305,0.23350509065772518,0.30206605858628155
2024-01-05,0.8908219431504134,0.23877600925556708,0.30911166010223234
2024-01-08,0.9002931612661405,0.23270764454447712,0.3022702146432348
2024-01-09,0.8998271440416137,0.23111224387852936,0.3021332268923329
2024-01-10,0.8994396071446789,0.22924957938486235,0.30113358534373114
2024-01-11,0.8768724542311419,0.23013553999569236,0.30410700287545045
2024-01-12,0.8907885707346366,0.22657193186592361,0.3036475519470616
2024-01-15,0.8966851200847874,0.22484395886133512,0.3006625290613454
2024-01-16,0.9023396864645964,0.222251072447881,0.2972751342448847
2024-01-17,0.9192142645635476,0.22337936423072868,0.29985548172933973
2024-01-18,0.8966376588585063,0.21401267094839582,0.2888302076841722
2024-01-19,0.8984036969272609,0.21587135733251595,0.2914723403517421
2024-01-22,0.9054277565831348,0.21049130550296402,0.2880583187715624
2024-01-23,0.8962264388203662,0.20873284818250437,0.28562226957984715
2024-01-24,0.9084310835962156,0.21436476066237775,0.29472072886962297
2024-01-25,0.919106377622565,0.22330441750793173,0.3031345925344058
2024-01-26,0.9376277310512712,0.22442892882351284,0.3092095223157296
2024-01-29,0.9602141061291192,0.22800768555590678,0.31644897196401756
2024-01-30,0.9687512012554532,0.22783467059443963,0.31441652658758135
2024-01-31,0.9776674642410136,0.21668419314446674,0.30200118273623033
2024-02-01,0.9695298726914297,0.20736988556721125,0.29485881910114764
2024-02-02,0.9729924308550196,0.1949406183026281,0.2782293779701843
2024-02-05,0.9680230535662372,0.18657004043311254,0.2682808654334712
2024-02-06,0.9600004748207264,0.19869960954466137,0.2851126873790675
2024-02-07,0.9620714589768748,0.20808939577924335,0.30608123188671477
2024-02-08,0.9710482682681248,0.21984319239374006,0.32413473634159695
2024-02-19,0.973140918873476,0.209149264414074,0.3146795825386888
2024-02-20,0.9762251599247064,0.2060365582737267,0.31035624075633117
2024-02-21,0.9789867808067912,0.2083878711270204,0.3113279291096691
2024-02-22,0.9807528559359486,0.20803062891167667,0.3099453175243232
2024-02-23,0.978324730539162,0.20951947990535968,0.31281219690862727
2024-02-26,0.975025582492028,0.2075001621789221,0.31250070199325486
2024-02-27,0.9621494689978988,0.19802246893535558,0.30550717725482657
2024-02-28,0.9806946196952102,0.20529785266482747,0.3161891605057394
2024-02-29,0.966016273031898,0.19778349927744654,0.3081173839484004
2024-03-01,0.9613476397112216,0.19548682443068066,0.30736713506581914
2024-03-04,0.956077016535335,0.18852267905738018,0.29993429114851944
2024-03-05,0.9629585793401464,0.19013535260975045,0.30016248725604155
2024-03-06,0.9644575837645006,0.19305688865900694,0.2996849057943065
2024-03-07,0.993610331064982,0.20135442609590726,0.31208830269114674
2024-03-08,0.9874659172697416,0.1926886521475517,0.30494122468321905
2024-03-11,0.9731256309940532,0.19590467103887077,0.3030510725798967
2024-03-12,0.9657089461633545,0.20939118310072424,0.31301355045738655
2024-03-13,0.9629208442728168,0.2046596227078179,0.30979601452762684
2024-03-14,0.972927395478042,0.2044908508791068,0.3089227507745216
2024-03-15,0.9789408297399907,0.20376658245023305,0.3094836846274027
2024-03-18,0.9722552562880586,0.19776289240761602,0.30431438297723146
2024-03-19,0.968807760488672,0.1962368086400843,0.3010174410653861
2024-03-20,0.9659659829139038,0.19772724849502565,0.3015217607317171
2024-03-21,0.9721482581052668,0.20031464100797391,0.30217509651579877
2024-03-22,0.973188733013772,0.1957516234923642,0.2989352653068966
2024-03-25,1.0006552347489786,0.200179437706264,0.30384409088413533
2024-03-26,1.0147400610005004,0.20251043866360252,0.30760909371916
2024-03-27,1.040442629635101,0.2098516677420188,0.3151215945332835
2024-03-28,1.030194753994337,0.20427757295781435,0.3057078135853859
2024-03-29,1.0457237240560535,0.19930001232909844,0.30453435037774934
2024-04-01,1.0362296590663878,0.20683046039364728,0.30931710033469795
2024-04-02,1.0457361100327485,0.2118475144825358,0.3132894218297
2024-04-03,1.05509960870422,0.21124362621344983,0.31249244688565647
2024-04-08,1.0747519952729987,0.20901252994877484,0.310788262828392
2024-04-09,1.05746252698066,0.2087318199528596,0.3101345908381534
2024-04-10,1.0766533858247578,0.20686376936118744,0.3081327797012303
2024-04-11,1.0901236158964922,0.20115307226475454,0.3045410346099384
2024-04-12,1.0963208759276064,0.18893918816648392,0.2974333682508137
2024-04-15,1.1125117533576767,0.1874639637615778,0.2977236335608682
2024-04-16,1.1444204138975782,0.19176969272356303,0.2991269965827492
2024-04-17,1.121313200864673,0.1905444160073455,0.30157644030823194
2024-04-18,1.12605331017274,0.19177200352434998,0.30510456203405156
2024-04-19,1.151678339919612,0.19141954235185143,0.3047747139195509
2024-04-22,1.1421686064271808,0.1949334150627371,0.31196047960150874
2024-04-23,1.1289184116014948,0.19811810450458922,0.31392565456831223
2024-04-24,1.118434204347866,0.19495227979674645,0.30566510269011693
2024-04-25,1.12292241185384,0.19486058887779545,0.3073231833806911
2024-04-26,1.0875156680341256,0.19396764653124055,0.30349143908478315
2024-04-29,1.063321525176657,0.19524531141566714,0.3001895182909575
2024-04-30,1.0796522620046942,0.18595440585049072,0.2944863906697899
2024-05-06,1.0761257276688203,0.18527367953980045,0.2893068114942685
2024-05-07,1.0669852179086448,0.18343295812103744,0.284138650948357
2024-05-08,1.0762969105978293,0.18026916076142263,0.2828639966244719
2024-05-09,1.0692342392536769,0.17560750813659065,0.2762211085906161
2024-05-10,1.0856801096143114,0.17542795279769985,0.28077608206623395
2024-05-13,1.1015921741346673,0.17337751882106422,0.2840654678115164
2024-05-14,1.1053343881823992,0.17630457498368046,0.28387590680961017
2024-05-15,1.1049788117390469,0.17599970609039506,0.2846618219842425
2024-05-16,1.1105023042090978,0.17489507170043117,0.28717356854037535
2024-05-17,1.1106108705584323,0.17284053140880817,0.28563579672203643
2024-05-20,1.099434368019629,0.16834294589965282,0.27881642331223855
2024-05-21,1.112109348936475,0.16770639512888064,0.2757018718957225
2024-05-22,1.114843077146869,0.1679556602404002,0.2792113863463519
2024-05-23,1.1213684229027212,0.16808573375971636,0.2786579844169692
2024-05-24,1.143776145651851,0.17297825839688685,0.2882475656904173
2024-05-27,1.1439814835170563,0.16965565140750138,0.2845535483670891
2024-05-28,1.1497546217190204,0.1701436742802076,0.2851457910179549
2024-05-29,1.1481877067876465,0.165893106021056,0.2814432304568044
2024-05-30,1.1452582736528392,0.1718699803485435,0.2867711543333018
2024-05-31,1.1479136245979622,0.17321991360221012,0.28859814566784814
2024-06-03,1.146542243103319,0.1674102573265841,0.277026559813917
2024-06-04,1.1461530992738371,0.1631610780770163,0.27189388518031876
2024-06-05,1.1398371824189066,0.16339475804999326,0.27118402252981455
2024-06-06,1.1537423536345353,0.15480882381682548,0.2667679466894948
2024-06-07,1.1713359423947138,0.1645424196345595,0.2755297677870525
2024-06-11,1.1494561811684938,0.15983618525803234,0.2669993806722972
2024-06-12,1.1495131570658002,0.15449542600896526,0.25925287075905823
2024-06-13,1.143326510274143,0.15226662344947095,0.255907786965482
2024-06-14,1.1442645953820805,0.15474244967634831,0.25868289353694096
2024-06-17,1.141790323395429,0.14834725170890173,0.2536515271988491
2024-06-18,1.1394745142535956,0.14966461657368058,0.25362774810977484
2024-06-19,1.1501885883182077,0.15188970270031388,0.2571098489783048
2024-06-20,1.1600660138231742,0.14522408246349583,0.2527751184363285
2024-06-21,1.1667129946511725,0.14304087464550297,0.2529905151923997
2024-06-24,1.1815339187805831,0.14053464719766273,0.25422935651628054
2024-06-25,1.2103832461045667,0.14770600376557708,0.26498322332247803
2024-06-26,1.196512631401104,0.15411570635281935,0.26851666970936994
2024-06-27,1.2074970352286698,0.15402637500346894,0.26874805949684677
2024-06-28,1.2183989901645762,0.14721416702089862,0.2557603761467169
2024-07-01,1.2264902988311714,0.14439683092363098,0.2541355952666382
2024-07-02,1.2376762698427035,0.1525831154291708,0.26025355901890035
2024-07-03,1.2415265977426917,0.16164980639596305,0.2690289106828956
2024-07-04,1.243867089876947,0.15139846760411513,0.2583308157072559
2024-07-05,1.2360109104642405,0.1550136327195426,0.2614170374234803
2024-07-08,1.2462604446080023,0.14484419751882283,0.2516132885242026
2024-07-09,1.2399346159549598,0.13820966457170547,0.2413072822262321
2024-07-10,1.2303280277678388,0.14142655294794704,0.24492733526240107
2024-07-11,1.2140064356786442,0.14646662833708235,0.25524314785512914
2024-07-12,1.22626530687213,0.14915076860873988,0.25838219002991325
2024-07-15,1.2399153136075889,0.1466928678867978,0.25729888864331474
2024-07-16,1.2249993172950218,0.14356926619988175,0.25197568173630613
2024-07-17,1.2385070590388034,0.15729974208437691,0.2643973561323778
2024-07-18,1.2364299415769868,0.15654953654198356,0.26438199195401646
2024-07-19,1.2360250987786552,0.16424090200624475,0.26922248782344593
2024-07-22,1.2280601969264855,0.1630814267873235,0.27050142218863393
2024-07-23,1.267700229221692,0.17649038646120507,0.2814363730922156
2024-07-24,1.2863153381395636,0.1753432824334782,0.2808146525689925
2024-07-25,1.2913637723227005,0.18640433771445175,0.2877898959248608
2024-07-26,1.2885628200012471,0.18842781913998996,0.28866669101651565
2024-07-29,1.2926514381817389,0.18526768942626592,0.28403190260865685
2024-07-30,1.299964604249677,0.19001011411067026,0.28207316678087024
2024-07-31,1.290642097202244,0.1984174000198049,0.2875432687021833
2024-08-01,1.2940454795437857,0.19695960437546245,0.28426021507278687
2024-08-02,1.3124389940391636,0.20448848738500214,0.2906497503203296
2024-08-05,1.339083829998312,0.21210063095572984,0.29561306201184756
2024-08-06,1.3320398716830368,0.21116575864332643,0.2891084055541189
2024-08-07,1.326741436317996,0.20586477843030448,0.2864551769401078
2024-08-08,1.341775936051011,0.2088433816254538,0.2904878570691374
2024-08-09,1.348830528073615,0.20930928275403815,0.2911128372744758
2024-08-12,1.3493112189373853,0.20675101552101172,0.28749525899966866
2024-08-13,1.3582013033805749,0.20914642905621172,0.2897625255334977
2024-08-14,1.3691960086481365,0.20800992938520912,0.2897966889967316
2024-08-15,1.3779844166399329,0.21143662152181686,0.2921825027017848
2024-08-16,1.3762221486097994,0.2065779087608659,0.28848172316760823
2024-08-19,1.3876607082014392,0.20833704441173695,0.2889732345231699
2024-08-20,1.3936373445887162,0.2077914053160117,0.2853902201538132
2024-08-21,1.381571521256295,0.2062460742382568,0.28527008025744705
2024-08-22,1.3902543735341069,0.2026027464577005,0.2872869816953554
2024-08-23,1.3886722695671008,0.20112626022987246,0.28612416076394775
2024-08-26,1.3921021403888525,0.20505199340604752,0.288921787565364
2024-08-27,1.406517910919102,0.2028422819145701,0.2890882790630973
2024-08-28,1.410395040788055,0.2003359695127458,0.2893879710225986
2024-08-29,1.4019390235469589,0.1959058363076316,0.29710810580173286
2024-08-30,1.390476607996237,0.19308614112060618,0.29287494946081893
2024-09-02,1.4041104973664291,0.19224650149890832,0.2899800360384004
2024-09-03,1.386140683187989,0.18783838582879775,0.2860222669939092
2024-09-04,1.3882055109894624,0.18670406302780185,0.28416345106466046
2024-09-05,1.3875732907488865,0.18827296970809027,0.28625302280785614
2024-09-06,1.3929069649702752,0.18917572233399715,0.2884917948005763
2024-09-09,1.3904311690852973,0.18908294481723797,0.2875051615577633
2024-09-10,1.3940303537555896,0.1872814165677279,0.28551257412498465
2024-09-11,1.381916557190099,0.18464436466308598,0.2797411456116754
2024-09-12,1.395659086802926,0.18668507038874327,0.2806943738740757
2024-09-13,1.409433409769421,0.1868160233225198,0.2786218993290446
2024-09-18,1.405529881789472,0.18127371941638248,0.2771818141347244
2024-09-19,1.409789090589887,0.18706917148831215,0.2839680191741514
2024-09-20,1.40961704379345,0.18258526385285556,0.2789204656049442
2024-09-23,1.4165963719063457,0.18680357821126692,0.2822481063552973
2024-09-24,1.4051808878229264,0.18949350455278013,0.28164207768738714
2024-09-25,1.4153039226442012,0.19223799440809142,0.28633002036627997
2024-09-26,1.4071647565357006,0.19286894294159196,0.2855912474985023
2024-09-27,1.3757626651564587,0.18263790546347614,0.27290907516921425
2024-09-30,1.34085036456697,0.19256375132705683,0.2655850691602135
2024-10-08,1.2998216990606366,0.20560907527270555,0.2570537255905001
2024-10-09,1.2806652647660122,0.19814792027762196,0.25369190921378104
2024-10-10,1.3192267705358276,0.21040952764937448,0.27309101276689507
2024-10-11,1.345900590174514,0.20858783197163122,0.277079428806996
2024-10-14,1.3296078582484778,0.19930880246060645,0.2690197958551326
2024-10-15,1.3417962480543304,0.20127201699445063,0.27119717478223193
2024-10-16,1.370070184040605,0.20498393801032666,0.2745322902838734
2024-10-17,1.344337367249281,0.1997930775701766,0.2684782540509092
2024-10-18,1.3154131119648738,0.1834049951484047,0.25767247586463315
2024-10-21,1.3016230229057144,0.1719163366567269,0.2543389192121799
2024-10-22,1.315194686531945,0.18308781865690693,0.26325378685760903
2024-10-23,1.322910036577002,0.18945059142584486,0.26616282276306813
2024-10-24,1.3271037433929322,0.18957060763145295,0.27152557690680856
2024-10-25,1.324451034792054,0.19379629028725898,0.26726792888369477
2024-10-28,1.3345350949586892,0.19398424510851453,0.27197404462359964
2024-10-29,1.315198231091523,0.1906660527859576,0.26222401769615566
2024-10-30,1.3125517088795569,0.18421991059965515,0.2583916725503581
2024-10-31,1.3002214804511647,0.1765363537109228,0.25649402226170515
2024-11-01,1.3253786581697988,0.19080221364021988,0.27539831847678586
2024-11-04,1.3140508503584294,0.1890438590813357,0.27701173166841664
2024-11-05,1.282758596864126,0.17217624746990579,0.2630739412873955
2024-11-06,1.2759101187183002,0.16585212689454343,0.2611638433949235
2024-11-07,1.2911337310547482,0.17580094389371137,0.2687024942186149
2024-11-08,1.2854502722155998,0.1697296140302651,0.26545021205009944
2024-11-11,1.2508607052300222,0.1585055363228285,0.250603699204045
2024-11-12,1.2734584859716025,0.16983745158248031,0.2609536641950083
2024-11-13,1.2787582193737967,0.17224298590619203,0.26187311034576477
2024-11-14,1.3030806021434058,0.18335205770975072,0.27164626291220495
2024-11-15,1.3467937678812771,0.2034183471626969,0.2901014307979013
2024-11-18,1.4053437687063184,0.2224967834482947,0.31264619413925243
2024-11-19,1.3738037762156283,0.2121817446384351,0.3036602203165282
2024-11-20,1.370343104530937,0.20398217955824416,0.2976866488617693
2024-11-21,1.3650051937805845,0.20242159140559512,0.29457530513618124
2024-11-22,1.378311421917359,0.20284028058857695,0.2954983052617113
2024-11-25,1.3885630577746877,0.2090179708493034,0.29988699933510476
2024-11-26,1.3980532788417497,0.2133121507613449,0.30119555759594085
2024-11-27,1.385241996828405,0.2121508151281699,0.3026726362835064
2024-11-28,1.398986554923289,0.2120620626234253,0.30370177925933217
2024-11-29,1.388663242213792,0.21151884403522914,0.30223106569468494
2024-12-02,1.3866480000824923,0.20681883970842074,0.2975882274476964
2024-12-03,1.3944035055199526,0.20726985968903677,0.2976491005203359
2024-12-04,1.388536307426366,0.20597438569985638,0.29478389679456063
2024-12-05,1.3787709545618778,0.20465308849995179,0.2920568642367265
2024-12-06,1.380870729606467,0.2082320660423529,0.2955703586674481
2024-12-09,1.3900761406848303,0.20403416239501704,0.3010247108878079
2024-12-10,1.3841510883688457,0.20589667167349268,0.3007427638912479
2024-12-11,1.3854080527449142,0.20328909607653078,0.2994406749115899
2024-12-12,1.3852150828961842,0.2077565428374082,0.3022359702141051
2024-12-13,1.3884283483631004,0.20644669123400372,0.2993487008000095
2024-12-16,1.4197748149702312,0.21734226479760332,0.3103321365903693
2024-12-17,1.429844996213698,0.2193081190058941,0.31481068081978836
2024-12-18,1.4282933013016468,0.21733018780396685,0.3118766489408351
2024-12-19,1.4083988572686628,0.21067682307699798,0.30737452932688614
2024-12-20,1.3851889910230906,0.20364885511460074,0.3025947149027777
2024-12-23,1.4030227795462569,0.2079910938471332,0.3092498840523641
2024-12-24,1.401551984380283,0.20718589213319571,0.30815125185651193
2024-12-25,1.4113522237204386,0.20900377198397369,0.3082934798015169
2024-12-26,1.3908922932827124,0.198297498178869,0.2976323660388298
2024-12-27,1.409738649271815,0.20469439198926187,0.30192546629127803
2024-12-30,1.4091074141964532,0.20227192564153085,0.3021788415061635
2024-12-31,1.4276350570331768,0.20393751794700443,0.302255030261793
2025-01-02,1.4341678086836445,0.20669213316207413,0.3041808895199549
2025-01-03,1.4503467097410878,0.212526017336802,0.3121108395027812
2025-01-06,1.4720036094246187,0.22106330891765946,0.31904543333934665
2025-01-07,1.45182480581117,0.20545368075273318,0.30858027128571686
2025-01-08,1.445103452202975,0.19778183983876585,0.3005229355118084
2025-01-09,1.445925505591425,0.1938294576515205,0.298346484367507
2025-01-10,1.4425490946572823,0.19242441866906845,0.29610715439250446
2025-01-13,1.4525363946055978,0.19814005455484152,0.30380720559890273
2025-01-14,1.4453900608048895,0.19108257423447927,0.2979584891949756
2025-01-15,1.4508489289656232,0.1943205561595749,0.2992358704895257
2025-01-16,1.4502637994074634,0.19066344319154438,0.29702724622865406
2025-01-17,1.4376502411773755,0.18595217802367592,0.28954142585292963
2025-01-20,1.4390999690507489,0.18122743893303794,0.28576325384235024
2025-01-21,1.421312523906039,0.17472565212274738,0.27805559318013584
2025-01-22,1.4177447908126355,0.17164473334393948,0.27677421791895673
2025-01-23,1.440218295194191,0.1796716429021148,0.2867193659207521
2025-01-24,1.428119525169712,0.17534750154790268,0.28445552343667235
2025-01-27,1.4539132960375305,0.17517360630926926,0.28906076431971806
2025-02-05,1.430264764234623,0.17142024851173465,0.28791368958724584
2025-02-06,1.407938427845736,0.16200506446955432,0.2788444495705935
2025-02-07,1.399254198338062,0.162844232054844,0.27706623541854225
2025-02-10,1.386556031685974,0.15669243694315615,0.27092496365287166
2025-02-11,1.3904274834579873,0.15914074211729723,0.27382415165971263
2025-02-12,1.3701607674130298,0.1540311144622779,0.25880361972685595
2025-02-13,1.3723125383218893,0.15656412384223084,0.2629594234269734
2025-02-14,1.3661830885523631,0.15021727167434618,0.2559911312256071
2025-02-17,1.3788396641792515,0.1540412971637357,0.2588761724983728
2025-02-18,1.389830035629609,0.16041013076571398,0.2681598589030414
2025-02-19,1.3610913067144117,0.14790779164012635,0.2520915826686718
2025-02-20,1.3472278103047954,0.14311404449101262,0.24549303645482445
2025-02-21,1.3315532079214778,0.13658200993808345,0.2317874709158485
2025-02-24,1.3445322652290317,0.1362002202294581,0.23685557878136732
2025-02-25,1.3466846120756366,0.13390027108586322,0.23525610667822328
2025-02-26,1.356394541287905,0.1404551444757547,0.23945928701750896
2025-02-27,1.36277297522888,0.1467314937068962,0.2436775077106652
2025-02-28,1.3935048983866554,0.16032245405246393,0.2637206316295282
2025-03-03,1.3915818538066715,0.1631198462772967,0.2647209432959323
2025-03-04,1.3828660196870095,0.15940742823815346,0.2601001978197097
2025-03-05,1.3695160704236915,0.15286525911435422,0.2520776136736038
2025-03-06,1.360120490447959,0.14804385611712023,0.2463254961434651
2025-03-07,1.3669686367590628,0.1538569285002629,0.2522363942142323
2025-03-10,1.3753613189243552,0.1569201329028711,0.2542579034964785
2025-03-11,1.3805808853177308,0.15917647968020998,0.25653276909745837
2025-03-12,1.392272137997116,0.1599317650069776,0.2610869043184958
2025-03-13,1.4127595734962672,0.16738624058740026,0.2701679013927927
2025-03-14,1.4074204211802566,0.16852304442879307,0.2703052465640621
2025-03-17,1.408829079708383,0.16931187493137068,0.27137167408444407
2025-03-18,1.4008472111305013,0.16646962090634054,0.2659621530323495
2025-03-19,1.422677426418153,0.17386524353322486,0.27337098928228154
2025-03-20,1.436508364478588,0.17672334564660952,0.2765420675987207
2025-03-21,1.4638691002324702,0.18775295882780352,0.2861315686794099
2025-03-24,1.479272826739602,0.18493742550896508,0.28783998875204775
2025-03-25,1.5111342319111576,0.1972780579353175,0.3009032666746012
2025-03-26,1.502905285182614,0.19560214490855365,0.3015310133615161
2025-03-27,1.498476095328035,0.1983483177382983,0.30112874006158696
2025-03-28,1.501212266807404,0.19814884214662798,0.3016053830884282
2025-03-31,1.5151090855078473,0.19826791278023004,0.30029078401692244
2025-04-01,1.531456348173391,0.20526066968408196,0.3029140196555624
2025-04-02,1.5307106998222366,0.20289735550192423,0.3050813185086729
2025-04-03,1.5612942573147284,0.21357458892214787,0.3119087969431191
2025-04-07,1.6160721161884508,0.22218862242256177,0.3114243888823811
2025-04-08,1.655490717351781,0.23887583781776311,0.3071796869596328
2025-04-09,1.652637407383958,0.23653195734115928,0.3052745090986835
2025-04-10,1.6242929229914864,0.22360199908860467,0.29787654200597635
2025-04-11,1.613332074668039,0.22240831647903447,0.2999198105085725
2025-04-14,1.6174336459417913,0.21904402357972552,0.2974392657352074
2025-04-15,1.630696181412853,0.21709815255656517,0.2979119343864547
2025-04-16,1.64038236441559,0.2182785740595261,0.2979262286410427
2025-04-17,1.641847342708601,0.21853379848369792,0.2977721967940612
2025-04-18,1.6496295187287413,0.2245658352537263,0.3036829503257097
2025-04-21,1.62862322396288,0.21420994424277118,0.2967650380087441
2025-04-22,1.6434829833015945,0.22093624599178896,0.3027812345550489
2025-04-23,1.6399418258945455,0.22072255527849283,0.30357778774882727
2025-04-24,1.6510647175946662,0.22215631360517918,0.3054436117472761
2025-04-25,1.6658363594049406,0.22430818121082585,0.31394426206937265
2025-04-28,1.674005148285747,0.2187454248857641,0.3153703234307512
2025-04-29,1.6784889843121245,0.2228971535181523,0.3157732150272239
2025-04-30,1.6694677556390105,0.21464170745079358,0.31117218924653245
2025-05-06,1.6439162689410431,0.21122269984269892,0.31175702178565246
2025-05-07,1.6576503138708776,0.21374276640990097,0.31696362210599993
2025-05-08,1.6553920246837164,0.21157119051590678,0.3168003009825928
2025-05-09,1.6767700734303337,0.2155218794081064,0.32279359836623467
2025-05-12,1.6573184603040825,0.21016671011499954,0.31879534596180226
2025-05-13,1.666620676376136,0.21512413266254282,0.324717885421024
2025-05-14,1.6904071968844794,0.22717277081364307,0.3349694340816356
2025-05-15,1.7191523225876524,0.23298439580080088,0.347172727085151
2025-05-16,1.709815001352764,0.2294769702830053,0.34314789564855075
2025-05-19,1.7188531431302825,0.23073359392116588,0.3477137588034056
2025-05-20,1.7141727111698146,0.2285612441933318,0.3436132739841884
2025-05-21,1.716421620274729,0.2279652036141735,0.34612517601724946
2025-05-22,1.726172540526223,0.22686114383541978,0.3482537317266228
2025-05-23,1.7309069847499283,0.22895939699853907,0.3514949802126013
2025-05-26,1.730204224278573,0.2274730326932426,0.3522994110977311
2025-05-27,1.7447427947455996,0.23003986414879196,0.3566455835455742
2025-05-28,1.762023842454465,0.2332062450690402,0.36187053723129137
2025-05-29,1.7424947264726534,0.229815684341812,0.355974772758356
2025-05-30,1.7688630989135783,0.2327373526675227,0.3591936499988826
2025-06-03,1.7679822267492955,0.22836995379426783,0.35832807504904474
2025-06-04,1.7602284919003943,0.2285523681207542,0.3652962545864391
2025-06-05,1.7384867851170285,0.22627375091142476,0.35907158573428855
2025-06-06,1.7560711463169605,0.22967708895448058,0.3610618153534466
2025-06-09,1.7454518497225986,0.22689187041317505,0.35953318837153714
2025-06-10,1.75522981975631,0.2290743311623471,0.36404074175809686
2025-06-11,1.7540418708519825,0.22619505904577997,0.36236932211818074
2025-06-12,1.7498936900057398,0.21983108683477615,0.3566310888023365
2025-06-13,1.768534976386643,0.22505013907533122,0.3672950973430442
2025-06-16,1.7577886285761948,0.2222551440188243,0.3630940865043324
2025-06-17,1.7674153984425884,0.22558597922589962,0.36900364827348286
2025-06-18,1.763710214358044,0.22311309330586226,0.3659251169918558
2025-06-19,1.7709842517122274,0.22450042576394558,0.36714008956992217
2025-06-20,1.790227088517753,0.22770184894743228,0.3746758794438938
2025-06-23,1.791969284234157,0.22690156918666493,0.37323696211473534
2025-06-24,1.7886340516953552,0.22999529683043907,0.372690780153613
2025-06-25,1.7796911527005397,0.2299580405952839,0.3695465300844101
2025-06-26,1.7831523892242456,0.22916774822044972,0.36996979727504087
2025-06-27,1.7896866973121877,0.23147456123022114,0.3727880535821979
2025-06-30,1.7712871859219166,0.22982339694860388,0.36626292181873765
2025-07-01,1.7696992715017936,0.23101314831494668,0.36630041262880586
2025-07-02,1.8056994717273147,0.2499403525645758,0.38705154803281583
2025-07-03,1.794979535318435,0.24685296920841515,0.38405687673048505
2025-07-04,1.7949371513983587,0.2509250264463996,0.3859881502763658
2025-07-07,1.819021865428092,0.25615010783602554,0.3924893323878751
2025-07-08,1.8051439202342232,0.25319979494010414,0.3863816263446882
2025-07-09,1.816338815574993,0.2585650994101212,0.3924039602784588
2025-07-10,1.8245914964998449,0.26470717792296616,0.39900505311375256
2025-07-11,1.8149322246157724,0.2594544173035622,0.39485845771225403
2025-07-14,1.83361161740132,0.2670567054153079,0.4043126154931853
2025-07-15,1.8218858351429832,0.25997043556389876,0.39506871395009635
2025-07-16,1.8238412663096395,0.26035362466435763,0.39705631051497026
2025-07-17,1.79943454612833,0.24854857893814408,0.38729001780444783
2025-07-18,1.8042626945042837,0.2524689655413892,0.3911467613115456
2025-07-21,1.8293834174527288,0.2684092960900317,0.40598720050653747
2025-07-22,1.8679049310802385,0.28845883901467784,0.4290139626888039
2025-07-23,1.8811305674522565,0.30237831456297926,0.4508271487685529
2025-07-24,1.870376852696023,0.30273587998718887,0.45757821556391387
2025-07-25,1.860193622586114,0.29827530945150715,0.44690374007504263
2025-07-28,1.8309245870522908,0.2875727902613292,0.43713806454325543
2025-07-29,1.8151590946446612,0.28058885636831277,0.4353384655089114
2025-07-30,1.8408321919449904,0.29296209904523285,0.44585381306070526
2025-07-31,1.8309064993475803,0.28831722406437654,0.4405741670395116
2025-08-01,1.8464816200105312,0.29868740677296257,0.4500165596758894
2025-08-04,1.834293817490156,0.289819566110773,0.4429147658788608
2025-08-05,1.8334917941201776,0.28975316619827485,0.4417085681204993
2025-08-06,1.8172872782298144,0.28172229469249355,0.43549756734966394
2025-08-07,1.8303127569665036,0.28326292878404,0.44134836815620626
2025-08-08,1.842370962876838,0.28794680194336597,0.4462566228428737
2025-08-11,1.8237632001542736,0.2830687919146604,0.43909586054242866
2025-08-12,1.8129720782686096,0.280352664664435,0.43466433941063687
2025-08-13,1.78581260785492,0.2694744163384333,0.4209377105504195
2025-08-14,1.804199054254461,0.27427745746657406,0.4253138726474537
2025-08-15,1.7879954782241383,0.2612035122943306,0.413532413045707
2025-08-18,1.7608786012531232,0.25201986568132595,0.39974922707007665
2025-08-19,1.7638104871494171,0.25368542542092287,0.3991053998465881
2025-08-20,1.7604006878064662,0.25471188189273475,0.3992043670712626
2025-08-21,1.7849420879487856,0.26773676365844956,0.4107512813675509
2025-08-22,1.745015448938057,0.25249387709478577,0.3899544942576547
2025-08-25,1.7188004412197646,0.2413115331251583,0.37603188229074513
2025-08-26,1.730619305698344,0.2450298149392134,0.37787637807910346
2025-08-27,1.7187738739611662,0.23859073003158726,0.3702628255559448
2025-08-28,1.6694938015612184,0.22349408812315263,0.3479680201044273
2025-08-29,1.6621386908562172,0.22375168272935975,0.34266881752912015
2025-09-01,1.6353961516878774,0.21319933720453066,0.3288908820004246
2025-09-02,1.6777039666233158,0.22902967301022747,0.34632918827486625
2025-09-03,1.6694177996173507,0.22203198130256507,0.3414411766250187
2025-09-04,1.731450392929775,0.24874472773676826,0.3731067436733646
2025-09-05,1.6737059040105766,0.23090403041821927,0.34517440633321095
2025-09-08,1.6836429536305269,0.2396986268360286,0.3554495388738892
2025-09-09,1.7067157062785192,0.24735494943735747,0.363367197898919
2025-09-10,1.6940160528682688,0.24044521345581904,0.35658333257144537
2025-09-11,1.6471630471313516,0.22283876615382892,0.33769355366299414
2025-09-12,1.6427104271945585,0.2219519890734214,0.33242897126011184
2025-09-15,1.6466498169099348,0.224387093176041,0.33794909208607127
2025-09-16,1.634369496377975,0.21924351971304867,0.33240742564165404
2025-09-17,1.634021091472603,0.21734818358437935,0.3294976844576243
2025-09-18,1.6331510954426274,0.21441809201378836,0.3253885824979723
2025-09-19,1.633676145702097,0.2172254186253484,0.3267545030292134
2025-09-22,1.588794042732839,0.19868401010143977,0.3017473751518347
2025-09-23,1.586526120515471,0.19857489114071902,0.2991628579602128
2025-09-24,1.5589536178436068,0.19244745563626875,0.2860889782665239
2025-09-25,1.542611583288758,0.19122015361838218,0.278513041472082
2025-09-26,1.5861894124565818,0.20959064402420124,0.2954979120902965
2025-09-29,1.5814929753441498,0.2103106530118788,0.29203140466854505
2025-09-30,1.5617041516507677,0.2036568306007187,0.28281630676530445
2025-10-09,1.559240910914986,0.2068686424286288,0.2882437837194125
2025-10-10,1.6284282452799688,0.23067012219791394,0.3151974332670393
2025-10-13,1.614311874743601,0.22309627349964356,0.3045828482726842
2025-10-14,1.6925068044069644,0.2468429605554039,0.3352963692090969
2025-10-15,1.6670657991832982,0.24038745699310482,0.32627373012029715
2025-10-16,1.6818858867544604,0.24667241434731713,0.329176759711145
2025-10-17,1.7294176640578145,0.25545940509088094,0.3476811335070209
2025-10-20,1.7204626717980798,0.25157962675665235,0.3393914709337713
2025-10-21,1.7199964431480002,0.2482268499639042,0.33303368242926146
2025-10-22,1.7456445326948558,0.25404812628386786,0.341511507583516
2025-10-23,1.7645093833425105,0.258285179132387,0.34872296219256493
2025-10-24,1.7150933940526958,0.24278308433689744,0.330886201622685
2025-10-27,1.6964495228210716,0.2331729621975922,0.31658451413676714
2025-10-28,1.7064582736636311,0.2345367441895463,0.3181140318109619
2025-10-29,1.6838729325074229,0.22666285480624904,0.30951404900108126
2025-10-30,1.707377666877158,0.23367734759257264,0.31650956569828836
2025-10-31,1.7315864040182478,0.24718814007895462,0.32581275607317695
2025-11-03,1.7437470238852355,0.24871167702733343,0.32781984037455647
2025-11-04,1.783389284960652,0.25678000425117964,0.3431102417642653
2025-11-05,1.7902191007924464,0.2568818290225554,0.3445017206756549
2025-11-06,1.7569336774458175,0.24785263415606762,0.33526452257248396
2025-11-07,1.7809675930933877,0.25320442332481874,0.3454405546290098
2025-11-10,1.8079736970700573,0.2593077513872517,0.3585901300663099
2025-11-11,1.827584457875596,0.2665020663357278,0.3641736545701837
2025-11-12,1.841618424041667,0.2717970694982348,0.3721273933018503
2025-11-13,1.8073685301277456,0.2586226058850092,0.35892299792275595
2025-11-14,1.852342262934458,0.27726266467917826,0.37821394210960224
2025-11-17,1.838649815731776,0.26775460531578643,0.3755068886389963
2025-11-18,1.846769766437364,0.2716987455833819,0.37704772361768657
2025-11-19,1.848482958098498,0.2718238658300476,0.3776119747373121
2025-11-20,1.8705213409887893,0.2792793994071432,0.38861534526557917
2025-11-21,1.8993431356879251,0.29111628868720096,0.4003743907675854
2025-11-24,1.88228662936066,0.2824635994617515,0.39288471510260714
2025-11-25,1.8617346574075608,0.2700188071020948,0.3813004196538887
2025-11-26,1.8570111262596896,0.26437557266220324,0.3765036776867168
2025-11-27,1.863068717389254,0.2650818312384413,0.37985479554535173
2025-11-28,1.8595754936944275,0.25818554550212736,0.37602841529304376
2025-12-01,1.866409711083986,0.2549571503318613,0.37789959701272346
2025-12-02,1.8843091411820407,0.2608939912124977,0.38498989661895267
2025-12-03,1.9035065612175892,0.2673851411347232,0.392584974732876
2025-12-04,1.8994779317993595,0.2649842267439102,0.3895423051876341
2025-12-05,1.8836587490660768,0.2627508612867486,0.38539838880187793
2025-12-08,1.8453582829681332,0.24830845020384062,0.3679418522700231
2025-12-09,1.83547854995477,0.241039483139859,0.36483879533759755
2025-12-10,1.8353692417795933,0.24120915695614586,0.3650518801602869
2025-12-11,1.8466319439245429,0.24258704176861468,0.36726806376512533
2025-12-12,1.8319106190746253,0.2296850263549155,0.3571232929984558
2025-12-15,1.8592567018433663,0.24289622265346877,0.37091322954872497
2025-12-16,1.875840497474284,0.24969582380001243,0.3788414720996156
2025-12-17,1.8496235412295,0.23345753001474456,0.3630210657728652
2025-12-18,1.8731215726141497,0.2426792918603331,0.37001936266669877
2025-12-19,1.8721203131176096,0.24210746638463876,0.36886124422415745
2025-12-22,1.8353112064943224,0.23097050681258469,0.35586770638766585
2025-12-23,1.8334985022771968,0.2280267640255904,0.3532132563624366
2025-12-24,1.8081247561104197,0.21840386210741047,0.3429860080658256
2025-12-25,1.797883011057841,0.21267039996988335,0.3327099052713254
2025-12-26,1.7816076979054656,0.2051751707560303,0.32550278499595087
