date,cumulative_excess_return
2022-01-04,0.01296720542191232
2022-01-05,0.028482443607800167
2022-01-06,0.03199765287077727
2022-01-07,0.04778396253430328
2022-01-10,0.05099533448219651
2022-01-11,0.058193915933051565
2022-01-12,0.049663285453153794
2022-01-13,0.06134937371702098
2022-01-14,0.04959111327372434
2022-01-17,0.043011057410251574
2022-01-18,0.04602149878741946
2022-01-19,0.054605279149453345
2022-01-20,0.06477566805534773
2022-01-21,0.07050969412409547
2022-01-24,0.05982053698779821
2022-01-25,0.06388748787324872
2022-01-26,0.06358551458791228
2022-01-27,0.07446293469603171
2022-01-28,0.08270068704493894
2022-02-07,0.09050827536094097
2022-02-08,0.1095085275394474
2022-02-09,0.10099211074088266
2022-02-10,0.10942481059859821
2022-02-11,0.11990376652873813
2022-02-14,0.11746724495700378
2022-02-15,0.10044994512650662
2022-02-16,0.10478589284603768
2022-02-17,0.10071629001673554
2022-02-18,0.10344146631519258
2022-02-21,0.09869205190022812
2022-02-22,0.10120458123187537
2022-02-23,0.08506003671899354
2022-02-24,0.0824615241319584
2022-02-25,0.08031025549091986
2022-02-28,0.07946063565024386
2022-03-01,0.07949746025045679
2022-03-02,0.08848790817674845
2022-03-03,0.10495162190836282
2022-03-04,0.10473512715867206
2022-03-07,0.11603645527225748
2022-03-08,0.1243114860798511
2022-03-09,0.1146615287060555
2022-03-10,0.10673333126143048
2022-03-11,0.10998608597050952
2022-03-14,0.1164015467661077
2022-03-15,0.11848095092852362
2022-03-16,0.11687020627847233
2022-03-17,0.11265065675232333
2022-03-18,0.11354678999422063
2022-03-21,0.11025054903630682
2022-03-22,0.11232689062441104
2022-03-23,0.11174952349877443
2022-03-24,0.1069955987237381
2022-03-25,0.11970271081057438
2022-03-28,0.12603654511037
2022-03-29,0.12218524787694363
2022-03-30,0.1223277023908409
2022-03-31,0.13747298624583038
2022-04-01,0.1454348460473014
2022-04-06,0.15950384666185125
2022-04-07,0.1606845385420883
2022-04-08,0.16253391276406104
2022-04-11,0.17354238662031118
2022-04-12,0.17721681517793342
2022-04-13,0.17704344582009757
2022-04-14,0.16728053404853038
2022-04-15,0.17133087904139677
2022-04-18,0.17335934345684945
2022-04-19,0.17456105993958348
2022-04-20,0.18556284297449266
2022-04-21,0.18737187754814744
2022-04-22,0.19223883366384387
2022-04-25,0.19714862795582166
2022-04-26,0.2056692911916096
2022-04-27,0.20730265306480145
2022-04-28,0.19195982367611486
2022-04-29,0.197759912781857
2022-05-05,0.1992368916457179
2022-05-06,0.20663472877342648
2022-05-09,0.20588919014196594
2022-05-10,0.20368115984345136
2022-05-11,0.2004282357217968
2022-05-12,0.2075275062910078
2022-05-13,0.2053646468902579
2022-05-16,0.20338390441117737
2022-05-17,0.19859746066560668
2022-05-18,0.20370934311390942
2022-05-19,0.20206453343512165
2022-05-20,0.20281724113016608
2022-05-23,0.20813313899816888
2022-05-24,0.21516513969382878
2022-05-25,0.22360725039341278
2022-05-26,0.22915659658595433
2022-05-27,0.2312222989164463
2022-05-30,0.2348740783234744
2022-05-31,0.23413259719994395
2022-06-01,0.2361545831535954
2022-06-02,0.23358226055127762
2022-06-06,0.22385554401950936
2022-06-07,0.2263418577109766
2022-06-08,0.22579051237719638
2022-06-09,0.23488905198952326
2022-06-10,0.23068026059840907
2022-06-13,0.22225804297255758
2022-06-14,0.23073665684913536
2022-06-15,0.24201466641771718
2022-06-16,0.23420502457837467
2022-06-17,0.2233229125624634
2022-06-20,0.22093270119172814
2022-06-21,0.2306884777055438
2022-06-22,0.2327542491490322
2022-06-23,0.22646169594524368
2022-06-24,0.22046980873491617
2022-06-27,0.2180838301826149
2022-06-28,0.21762883717021952
2022-06-29,0.2289152382643007
2022-06-30,0.21968549003805715
2022-07-01,0.22217591241509416
2022-07-04,0.21143486177097937
2022-07-05,0.2083682747055442
2022-07-06,0.21251687334385405
2022-07-07,0.20685015266647655
2022-07-08,0.218960059065318
2022-07-11,0.23182133949039185
2022-07-12,0.23929085513172677
2022-07-13,0.23924919015658674
2022-07-14,0.23250454177986302
2022-07-15,0.23142223909401505
2022-07-18,0.22882133896425438
2022-07-19,0.23495224180224827
2022-07-20,0.23376716187180047
2022-07-21,0.23943698619156706
2022-07-22,0.2464102397427954
2022-07-25,0.25221854311784364
2022-07-26,0.24763381194160972
2022-07-27,0.24154102423926327
2022-07-28,0.24365078166871723
2022-07-29,0.246083819726711
2022-08-01,0.23200442229327756
2022-08-02,0.2315303588909925
2022-08-03,0.2307496151269237
2022-08-04,0.23024185603545955
2022-08-05,0.22913845531958876
2022-08-08,0.21937205630010914
2022-08-09,0.21364195009142106
2022-08-10,0.216236991677343
2022-08-11,0.22482800266680236
2022-08-12,0.2343404514539047
2022-08-15,0.22529801140998384
2022-08-16,0.2227876524560788
2022-08-17,0.22260124067422304
2022-08-18,0.21460134270473175
2022-08-19,0.22963695196137368
2022-08-22,0.22216586544578032
2022-08-23,0.22610804306392307
2022-08-24,0.24385820646110523
2022-08-25,0.2484768066682863
2022-08-26,0.2512348358004839
2022-08-29,0.25420292182740845
2022-08-30,0.2661983124416458
2022-08-31,0.27916578121420077
2022-09-01,0.2833950462200481
2022-09-02,0.2823462385119093
2022-09-05,0.2833743014791825
2022-09-06,0.27886652169875825
2022-09-07,0.2745796545320016
2022-09-08,0.2801742267792706
2022-09-09,0.27799424063936806
2022-09-13,0.27871093669655833
2022-09-14,0.27987326779786614
2022-09-15,0.29731622373450484
2022-09-16,0.29392577100260064
2022-09-19,0.2947322179404315
2022-09-20,0.2911568466154859
2022-09-21,0.29958406835123763
2022-09-22,0.2970992646230841
2022-09-23,0.30212099488754696
2022-09-26,0.29830948896399967
2022-09-27,0.2956672734470116
2022-09-28,0.3028924781456399
2022-09-29,0.29673701048907475
2022-09-30,0.3034340689805246
2022-10-10,0.30669360771053666
2022-10-11,0.3092743333582446
2022-10-12,0.31654112690102565
2022-10-13,0.3158865001539364
2022-10-14,0.3103518635794582
2022-10-17,0.31567634614713724
2022-10-18,0.3144892266397943
2022-10-19,0.3205169842800464
2022-10-20,0.3272769413434198
2022-10-21,0.32532265057344123
2022-10-24,0.3235161743222914
2022-10-25,0.3268224630854608
2022-10-26,0.3302808882588646
2022-10-27,0.3459371039715098
2022-10-28,0.34534916860069886
2022-10-31,0.3487047461476971
2022-11-01,0.34966648713616055
2022-11-02,0.34204490011656574
2022-11-03,0.3368035884247391
2022-11-04,0.32877429534347624
2022-11-07,0.33258580143137184
2022-11-08,0.3321788681216453
2022-11-09,0.3334830053896072
2022-11-10,0.34481559215010327
2022-11-11,0.34900593563588256
2022-11-14,0.3526576689743266
2022-11-15,0.3424968816036382
2022-11-16,0.3454436314031646
2022-11-17,0.34943973490422287
2022-11-18,0.34988763407388923
2022-11-21,0.34150472574332613
2022-11-22,0.366860657937226
2022-11-23,0.37485926114409573
2022-11-24,0.37018009957356024
2022-11-25,0.39278929192633116
2022-11-28,0.39330437387578776
2022-11-29,0.3942603636373685
2022-11-30,0.3911533719383018
2022-12-01,0.38515293702114195
2022-12-02,0.3898378357586487
2022-12-05,0.40977509751800456
2022-12-06,0.40325336687637825
2022-12-07,0.40181479842639667
2022-12-08,0.4015840629090568
2022-12-09,0.39345884929720887
2022-12-12,0.38838862821238385
2022-12-13,0.4022967136325075
2022-12-14,0.4023724664730264
2022-12-15,0.3932963979098134
2022-12-16,0.3989702050967563
2022-12-19,0.4003492528461352
2022-12-20,0.40678671363957486
2022-12-21,0.4095581994641193
2022-12-22,0.4140584834352794
2022-12-23,0.4203647889527433
2022-12-26,0.40495507829457256
2022-12-27,0.4059932594417226
2022-12-28,0.40528316482085125
2022-12-29,0.39834422180020845
2022-12-30,0.40729422912016844
2023-01-03,0.39996771596667435
2023-01-04,0.40094797593832765
2023-01-05,0.399897003774242
2023-01-06,0.3909161967650592
2023-01-09,0.3956551147306442
2023-01-10,0.39367271969165674
2023-01-11,0.3987239180406674
2023-01-12,0.40355300170076536
2023-01-13,0.40860931803883394
2023-01-16,0.41145478573276106
2023-01-17,0.4131843380980993
2023-01-18,0.4162146626232195
2023-01-19,0.4130958954026993
2023-01-20,0.4156272403338843
2023-01-30,0.4169840110101879
2023-01-31,0.4205745309021438
2023-02-01,0.4179081251063812
2023-02-02,0.4182264314637445
2023-02-03,0.4192440833792306
2023-02-06,0.4284101200521828
2023-02-07,0.4313607755411417
2023-02-08,0.43294113147185165
2023-02-09,0.42691091897822586
2023-02-10,0.43456972213399236
2023-02-13,0.4299339581424195
2023-02-14,0.4311653009110348
2023-02-15,0.42956758914072446
2023-02-16,0.4328303156332092
2023-02-17,0.445154391863142
2023-02-20,0.44177336529929323
2023-02-21,0.4428760764252426
2023-02-22,0.44298408772463294
2023-02-23,0.44441609068294197
2023-02-24,0.44389319419117923
2023-02-27,0.4460150487030934
2023-02-28,0.44586675827144573
2023-03-01,0.44453144191483496
2023-03-02,0.4596667210690162
2023-03-03,0.4691534873138641
2023-03-06,0.46907799330796296
2023-03-07,0.4819980427068191
2023-03-08,0.4806188085132286
2023-03-09,0.48286456613986095
2023-03-10,0.47962431824113483
2023-03-13,0.47928417852606264
2023-03-14,0.48155137210786503
2023-03-15,0.49532206086173924
2023-03-16,0.49521282092655183
2023-03-17,0.5029722166770809
2023-03-20,0.49998329347339765
2023-03-21,0.484545364248089
2023-03-22,0.4833933759011677
2023-03-23,0.4753333834749667
2023-03-24,0.47451339546891913
2023-03-27,0.46340482084396895
2023-03-28,0.46912182907620625
2023-03-29,0.46441535656888266
2023-03-30,0.4612445911786671
2023-03-31,0.45556355675626237
2023-04-03,0.4454166447263366
2023-04-04,0.44577716289874325
2023-04-06,0.4394708494666464
2023-04-07,0.43592737011229477
2023-04-10,0.44846847124131517
2023-04-11,0.44549999145878805
2023-04-12,0.44299669282896126
2023-04-13,0.45472788124318053
2023-04-14,0.44684674293380167
2023-04-17,0.4565080062360811
2023-04-18,0.45788377460250373
2023-04-19,0.46090011440494405
2023-04-20,0.4553142493195068
2023-04-21,0.4726306127685629
2023-04-24,0.483211346951095
2023-04-25,0.5054505259710496
2023-04-26,0.4967851481883767
2023-04-27,0.5012239332490791
2023-04-28,0.510364044619319
2023-05-04,0.5310284223686228
2023-05-05,0.5473152974719009
2023-05-08,0.560309868205199
2023-05-09,0.5795310837111283
2023-05-10,0.5777528284921507
2023-05-11,0.5815272866852303
2023-05-12,0.5872612996042532
2023-05-15,0.57894068426917
2023-05-16,0.5810408218166008
2023-05-17,0.5767649290680481
2023-05-18,0.5731561985308773
2023-05-19,0.5640913883938714
2023-05-22,0.5689218714623736
2023-05-23,0.5660264718267829
2023-05-24,0.5662098235380684
2023-05-25,0.567642859539492
2023-05-26,0.5694733956285225
2023-05-29,0.5815109842446797
2023-05-30,0.5824445050772531
2023-05-31,0.584701896563893
2023-06-01,0.5797349386666759
2023-06-02,0.5762463286902431
2023-06-05,0.5777321520790477
2023-06-06,0.5810617304533596
2023-06-07,0.5866431142439641
2023-06-08,0.6008312936345173
2023-06-09,0.5917532663901239
2023-06-12,0.586167031965803
2023-06-13,0.5852828731167368
2023-06-14,0.5817241317043709
2023-06-15,0.5800430423647092
2023-06-16,0.5706086759000868
2023-06-19,0.5665630353331939
2023-06-20,0.5611413236611011
2023-06-21,0.5818278250715365
2023-06-26,0.5920185732813965
2023-06-27,0.5962039515800819
2023-06-28,0.5996723786092182
2023-06-29,0.6000642693098353
2023-06-30,0.5999422632611318
2023-07-03,0.6022256802490631
2023-07-04,0.596193305741409
2023-07-05,0.6021205394127489
2023-07-06,0.6050525861587011
2023-07-07,0.6233787118118044
2023-07-10,0.6211741045412971
2023-07-11,0.6161042129904752
2023-07-12,0.6228347578795652
2023-07-13,0.6180357199147655
2023-07-14,0.6199688635178899
2023-07-17,0.6182117100229574
2023-07-18,0.6253766655835986
2023-07-19,0.6350415259857949
2023-07-20,0.64443857676698
2023-07-21,0.6494784032821714
2023-07-24,0.6525790666240836
2023-07-25,0.6593555423711603
2023-07-26,0.6720499837649891
2023-07-27,0.6866257926053456
2023-07-28,0.7045107241483666
2023-07-31,0.7087653748684586
2023-08-01,0.709163012158011
2023-08-02,0.7079564251080512
2023-08-03,0.7108649528760194
2023-08-04,0.7029699964470191
2023-08-07,0.7009932707094677
2023-08-08,0.7005485211043117
2023-08-09,0.7059030729392108
2023-08-10,0.7095249649883377
2023-08-11,0.7158055391725846
2023-08-14,0.7141706532808769
2023-08-15,0.7255930311643084
2023-08-16,0.7369807993515567
2023-08-17,0.7334753103164773
2023-08-18,0.7477979452176533
2023-08-21,0.7523687373620132
2023-08-22,0.7455208746581565
2023-08-23,0.7619975937770065
2023-08-24,0.7452686775381665
2023-08-25,0.7584738549835499
2023-08-28,0.7677727649266819
2023-08-29,0.7514126525362075
2023-08-30,0.7477811692139678
2023-08-31,0.7517454600650704
2023-09-01,0.7542656687768277
2023-09-04,0.7559638644926567
2023-09-05,0.7606265521859936
2023-09-06,0.7609851125115004
2023-09-07,0.7663176210415208
2023-09-08,0.7613425768345954
2023-09-11,0.7676265990310995
2023-09-12,0.7697008801979301
2023-09-13,0.7776426461311334
2023-09-14,0.7854200890436174
2023-09-15,0.7888688069294445
2023-09-18,0.7873066044307921
2023-09-19,0.7945908962177
2023-09-20,0.8018041063866135
2023-09-21,0.8012530424896935
2023-09-22,0.7892450535970723
2023-09-25,0.7913211694861051
2023-09-26,0.7855642976803492
2023-09-27,0.7775429225294488
2023-09-28,0.7755324960674217
2023-10-09,0.7820150189704675
2023-10-10,0.7749708903366317
2023-10-11,0.7710527189074936
2023-10-12,0.7801432292980393
2023-10-13,0.7843116072948673
2023-10-16,0.8026332045371201
2023-10-17,0.801382617979665
2023-10-18,0.8026187318578288
2023-10-19,0.7997543198724069
2023-10-20,0.8073386392925552
2023-10-23,0.8119654488114842
2023-10-24,0.8049303141251452
2023-10-25,0.8144523917574014
2023-10-26,0.8176754919170444
2023-10-27,0.8139025515097942
2023-10-30,0.795793400999911
2023-10-31,0.8002308996369301
2023-11-01,0.8101020993985857
2023-11-02,0.8162442231179579
2023-11-03,0.8004680113647638
2023-11-06,0.7855438580212268
2023-11-07,0.7815451625374183
2023-11-08,0.7735015127216096
2023-11-09,0.7737418270159535
2023-11-10,0.7745913319478102
2023-11-13,0.7740858930149972
2023-11-14,0.7773303304182904
2023-11-15,0.778597449644207
2023-11-16,0.7850062807449127
2023-11-17,0.7821169039148523
2023-11-20,0.7786820537331787
2023-11-21,0.7827516918017421
2023-11-22,0.7919920620963097
2023-11-23,0.7918743540116129
2023-11-24,0.7989384978336707
2023-11-27,0.7998566685662907
2023-11-28,0.7998166517215799
2023-11-29,0.8083991620483304
2023-11-30,0.8116860068412335
2023-12-01,0.8114310882906965
2023-12-04,0.8158227126678954
2023-12-05,0.8318267043740912
2023-12-06,0.8265260370650636
2023-12-07,0.8307980675392295
2023-12-08,0.825812434832083
2023-12-11,0.8224215497399154
2023-12-12,0.8261079701722733
2023-12-13,0.8360322938538363
2023-12-14,0.8403327427853773
2023-12-15,0.8389780632339838
2023-12-18,0.853896511955964
2023-12-19,0.8511982001236753
2023-12-20,0.8650651695379263
2023-12-21,0.8580340322794466
2023-12-22,0.8623945839570799
2023-12-25,0.863693104700535
2023-12-26,0.864394715309867
2023-12-27,0.8693170247100701
2023-12-28,0.8482820846323393
2023-12-29,0.8419750890857995
2024-01-02,0.853137032443559
2024-01-03,0.8651350254149377
2024-01-04,0.8738161679897305
2024-01-05,0.8908219431504134
2024-01-08,0.9002931612661405
2024-01-09,0.8998271440416137
2024-01-10,0.8994396071446789
2024-01-11,0.8768724542311419
2024-01-12,0.8907885707346366
2024-01-15,0.8966851200847874
2024-01-16,0.9023396864645965
2024-01-17,0.9192142645635477
2024-01-18,0.8966376588585063
2024-01-19,0.8984036969272609
2024-01-22,0.9054277565831348
2024-01-23,0.8962264388203662
2024-01-24,0.9084310835962155
2024-01-25,0.919106377622565
2024-01-26,0.9376277310512711
2024-01-29,0.9602141061291192
2024-01-30,0.9687512012554531
2024-01-31,0.9776674642410135
2024-02-01,0.9695298726914297
2024-02-02,0.9729924308550197
2024-02-05,0.9680230535662371
2024-02-06,0.9600004748207265
2024-02-07,0.9620714589768748
2024-02-08,0.9710482682681247
2024-02-19,0.9731409188734759
2024-02-20,0.9762251599247063
2024-02-21,0.9789867808067911
2024-02-22,0.9807528559359486
2024-02-23,0.978324730539162
2024-02-26,0.975025582492028
2024-02-27,0.9621494689978987
2024-02-28,0.9806946196952102
2024-02-29,0.966016273031898
2024-03-01,0.9613476397112217
2024-03-04,0.956077016535335
2024-03-05,0.9629585793401463
2024-03-06,0.9644575837645006
2024-03-07,0.993610331064982
2024-03-08,0.9874659172697415
2024-03-11,0.9731256309940532
2024-03-12,0.9657089461633543
2024-03-13,0.9629208442728168
2024-03-14,0.972927395478042
2024-03-15,0.9789408297399909
2024-03-18,0.9722552562880586
2024-03-19,0.968807760488672
2024-03-20,0.9659659829139038
2024-03-21,0.9721482581052667
2024-03-22,0.9731887330137721
2024-03-25,1.0006552347489786
2024-03-26,1.0147400610005004
2024-03-27,1.040442629635101
2024-03-28,1.030194753994337
2024-03-29,1.0457237240560535
2024-04-01,1.0362296590663878
2024-04-02,1.0457361100327485
2024-04-03,1.0550996087042201
2024-04-08,1.0747519952729987
2024-04-09,1.0574625269806601
2024-04-10,1.0766533858247578
2024-04-11,1.0901236158964922
2024-04-12,1.0963208759276064
2024-04-15,1.1125117533576767
2024-04-16,1.1444204138975782
2024-04-17,1.1213132008646727
2024-04-18,1.1260533101727401
2024-04-19,1.151678339919612
2024-04-22,1.1421686064271808
2024-04-23,1.1289184116014948
2024-04-24,1.118434204347866
2024-04-25,1.12292241185384
2024-04-26,1.0875156680341256
2024-04-29,1.063321525176657
2024-04-30,1.0796522620046942
2024-05-06,1.0761257276688205
2024-05-07,1.0669852179086448
2024-05-08,1.0762969105978293
2024-05-09,1.0692342392536767
2024-05-10,1.0856801096143114
2024-05-13,1.1015921741346673
2024-05-14,1.1053343881823992
2024-05-15,1.1049788117390467
2024-05-16,1.1105023042090978
2024-05-17,1.1106108705584323
2024-05-20,1.099434368019629
2024-05-21,1.112109348936475
2024-05-22,1.114843077146869
2024-05-23,1.1213684229027212
2024-05-24,1.143776145651851
2024-05-27,1.1439814835170563
2024-05-28,1.1497546217190204
2024-05-29,1.1481877067876463
2024-05-30,1.1452582736528392
2024-05-31,1.1479136245979622
2024-06-03,1.146542243103319
2024-06-04,1.1461530992738371
2024-06-05,1.1398371824189066
2024-06-06,1.1537423536345353
2024-06-07,1.1713359423947138
2024-06-11,1.1494561811684938
2024-06-12,1.1495131570658002
2024-06-13,1.143326510274143
2024-06-14,1.1442645953820803
2024-06-17,1.141790323395429
2024-06-18,1.1394745142535956
2024-06-19,1.1501885883182075
2024-06-20,1.1600660138231742
2024-06-21,1.1667129946511725
2024-06-24,1.1815339187805831
2024-06-25,1.2103832461045667
2024-06-26,1.196512631401104
2024-06-27,1.2074970352286698
2024-06-28,1.2183989901645762
2024-07-01,1.2264902988311714
2024-07-02,1.2376762698427037
2024-07-03,1.2415265977426917
2024-07-04,1.243867089876947
2024-07-05,1.2360109104642403
2024-07-08,1.2462604446080023
2024-07-09,1.2399346159549598
2024-07-10,1.2303280277678388
2024-07-11,1.2140064356786442
2024-07-12,1.22626530687213
2024-07-15,1.2399153136075887
2024-07-16,1.2249993172950218
2024-07-17,1.2385070590388034
2024-07-18,1.2364299415769868
2024-07-19,1.2360250987786552
2024-07-22,1.2280601969264855
2024-07-23,1.267700229221692
2024-07-24,1.2863153381395636
2024-07-25,1.2913637723227005
2024-07-26,1.2885628200012471
2024-07-29,1.2926514381817387
2024-07-30,1.299964604249677
2024-07-31,1.290642097202244
2024-08-01,1.2940454795437857
2024-08-02,1.3124389940391636
2024-08-05,1.3390838299983119
2024-08-06,1.3320398716830368
2024-08-07,1.3267414363179961
2024-08-08,1.341775936051011
2024-08-09,1.348830528073615
2024-08-12,1.3493112189373853
2024-08-13,1.3582013033805747
2024-08-14,1.3691960086481365
2024-08-15,1.3779844166399329
2024-08-16,1.3762221486097994
2024-08-19,1.3876607082014392
2024-08-20,1.3936373445887162
2024-08-21,1.3815715212562947
2024-08-22,1.3902543735341069
2024-08-23,1.3886722695671008
2024-08-26,1.3921021403888525
2024-08-27,1.406517910919102
2024-08-28,1.410395040788055
2024-08-29,1.4019390235469587
2024-08-30,1.390476607996237
2024-09-02,1.4041104973664291
2024-09-03,1.386140683187989
2024-09-04,1.3882055109894624
2024-09-05,1.3875732907488865
2024-09-06,1.3929069649702752
2024-09-09,1.3904311690852973
2024-09-10,1.3940303537555896
2024-09-11,1.3819165571900993
2024-09-12,1.395659086802926
2024-09-13,1.409433409769421
2024-09-18,1.4055298817894721
2024-09-19,1.409789090589887
2024-09-20,1.40961704379345
2024-09-23,1.4165963719063455
2024-09-24,1.4051808878229264
2024-09-25,1.4153039226442012
2024-09-26,1.4071647565357006
2024-09-27,1.3757626651564587
2024-09-30,1.34085036456697
2024-10-08,1.2998216990606366
2024-10-09,1.2806652647660122
2024-10-10,1.3192267705358276
2024-10-11,1.345900590174514
2024-10-14,1.3296078582484778
2024-10-15,1.3417962480543304
2024-10-16,1.370070184040605
2024-10-17,1.344337367249281
2024-10-18,1.3154131119648738
2024-10-21,1.3016230229057144
2024-10-22,1.315194686531945
2024-10-23,1.3229100365770021
2024-10-24,1.3271037433929322
2024-10-25,1.324451034792054
2024-10-28,1.3345350949586892
2024-10-29,1.315198231091523
2024-10-30,1.3125517088795569
2024-10-31,1.3002214804511647
2024-11-01,1.3253786581697988
2024-11-04,1.3140508503584294
2024-11-05,1.282758596864126
2024-11-06,1.2759101187183002
2024-11-07,1.2911337310547482
2024-11-08,1.2854502722155998
2024-11-11,1.2508607052300222
2024-11-12,1.2734584859716023
2024-11-13,1.2787582193737967
2024-11-14,1.3030806021434058
2024-11-15,1.3467937678812771
2024-11-18,1.4053437687063184
2024-11-19,1.3738037762156283
2024-11-20,1.3703431045309373
2024-11-21,1.3650051937805845
2024-11-22,1.378311421917359
2024-11-25,1.3885630577746877
2024-11-26,1.3980532788417497
2024-11-27,1.3852419968284053
2024-11-28,1.398986554923289
2024-11-29,1.388663242213792
2024-12-02,1.3866480000824923
2024-12-03,1.3944035055199526
2024-12-04,1.388536307426366
2024-12-05,1.3787709545618778
2024-12-06,1.380870729606467
2024-12-09,1.3900761406848305
2024-12-10,1.3841510883688457
2024-12-11,1.3854080527449142
2024-12-12,1.3852150828961842
2024-12-13,1.3884283483631004
2024-12-16,1.4197748149702312
2024-12-17,1.4298449962136979
2024-12-18,1.4282933013016468
2024-12-19,1.4083988572686628
2024-12-20,1.3851889910230906
2024-12-23,1.4030227795462569
2024-12-24,1.401551984380283
2024-12-25,1.4113522237204386
2024-12-26,1.3908922932827124
2024-12-27,1.409738649271815
2024-12-30,1.4091074141964532
2024-12-31,1.4276350570331768
2025-01-02,1.4341678086836445
2025-01-03,1.4503467097410878
2025-01-06,1.4720036094246187
2025-01-07,1.45182480581117
2025-01-08,1.445103452202975
2025-01-09,1.445925505591425
2025-01-10,1.4425490946572825
2025-01-13,1.4525363946055978
2025-01-14,1.4453900608048897
2025-01-15,1.4508489289656232
2025-01-16,1.4502637994074634
2025-01-17,1.4376502411773755
2025-01-20,1.4390999690507487
2025-01-21,1.421312523906039
2025-01-22,1.4177447908126357
2025-01-23,1.440218295194191
2025-01-24,1.4281195251697119
2025-01-27,1.4539132960375305
2025-02-05,1.430264764234623
2025-02-06,1.4079384278457359
2025-02-07,1.399254198338062
2025-02-10,1.386556031685974
2025-02-11,1.3904274834579873
2025-02-12,1.3701607674130298
2025-02-13,1.3723125383218893
2025-02-14,1.3661830885523631
2025-02-17,1.3788396641792517
2025-02-18,1.389830035629609
2025-02-19,1.3610913067144117
2025-02-20,1.3472278103047954
2025-02-21,1.3315532079214778
2025-02-24,1.3445322652290317
2025-02-25,1.3466846120756366
2025-02-26,1.356394541287905
2025-02-27,1.36277297522888
2025-02-28,1.3935048983866554
2025-03-03,1.3915818538066715
2025-03-04,1.3828660196870097
2025-03-05,1.3695160704236917
2025-03-06,1.360120490447959
2025-03-07,1.3669686367590628
2025-03-10,1.3753613189243552
2025-03-11,1.3805808853177308
2025-03-12,1.3922721379971161
2025-03-13,1.4127595734962672
2025-03-14,1.4074204211802566
2025-03-17,1.408829079708383
2025-03-18,1.4008472111305013
2025-03-19,1.422677426418153
2025-03-20,1.436508364478588
2025-03-21,1.4638691002324702
2025-03-24,1.479272826739602
2025-03-25,1.5111342319111576
2025-03-26,1.5029052851826141
2025-03-27,1.498476095328035
2025-03-28,1.501212266807404
2025-03-31,1.5151090855078473
2025-04-01,1.531456348173391
2025-04-02,1.5307106998222366
2025-04-03,1.5612942573147284
2025-04-07,1.6160721161884508
2025-04-08,1.655490717351781
2025-04-09,1.652637407383958
2025-04-10,1.6242929229914864
2025-04-11,1.613332074668039
2025-04-14,1.6174336459417913
2025-04-15,1.630696181412853
2025-04-16,1.64038236441559
2025-04-17,1.6418473427086013
2025-04-18,1.6496295187287413
2025-04-21,1.62862322396288
2025-04-22,1.6434829833015945
2025-04-23,1.6399418258945455
2025-04-24,1.6510647175946662
2025-04-25,1.6658363594049406
2025-04-28,1.674005148285747
2025-04-29,1.6784889843121245
2025-04-30,1.6694677556390105
2025-05-06,1.6439162689410431
2025-05-07,1.6576503138708776
2025-05-08,1.6553920246837164
2025-05-09,1.6767700734303337
2025-05-12,1.6573184603040825
2025-05-13,1.666620676376136
2025-05-14,1.6904071968844794
2025-05-15,1.7191523225876524
2025-05-16,1.709815001352764
2025-05-19,1.7188531431302825
2025-05-20,1.7141727111698146
2025-05-21,1.7164216202747293
2025-05-22,1.726172540526223
2025-05-23,1.7309069847499283
2025-05-26,1.7302042242785727
2025-05-27,1.7447427947455996
2025-05-28,1.762023842454465
2025-05-29,1.7424947264726534
2025-05-30,1.7688630989135783
2025-06-03,1.7679822267492957
2025-06-04,1.7602284919003943
2025-06-05,1.7384867851170283
2025-06-06,1.7560711463169603
2025-06-09,1.7454518497225986
2025-06-10,1.7552298197563099
2025-06-11,1.7540418708519825
2025-06-12,1.7498936900057398
2025-06-13,1.768534976386643
2025-06-16,1.7577886285761948
2025-06-17,1.7674153984425884
2025-06-18,1.7637102143580439
2025-06-19,1.7709842517122274
2025-06-20,1.790227088517753
2025-06-23,1.791969284234157
2025-06-24,1.7886340516953552
2025-06-25,1.7796911527005395
2025-06-26,1.7831523892242456
2025-06-27,1.7896866973121877
2025-06-30,1.7712871859219166
2025-07-01,1.7696992715017936
2025-07-02,1.8056994717273147
2025-07-03,1.794979535318435
2025-07-04,1.7949371513983587
2025-07-07,1.819021865428092
2025-07-08,1.8051439202342232
2025-07-09,1.8163388155749933
2025-07-10,1.8245914964998446
2025-07-11,1.8149322246157724
2025-07-14,1.8336116174013202
2025-07-15,1.8218858351429832
2025-07-16,1.8238412663096395
2025-07-17,1.7994345461283299
2025-07-18,1.8042626945042834
2025-07-21,1.8293834174527288
2025-07-22,1.8679049310802385
2025-07-23,1.8811305674522565
2025-07-24,1.870376852696023
2025-07-25,1.860193622586114
2025-07-28,1.8309245870522908
2025-07-29,1.8151590946446614
2025-07-30,1.8408321919449904
2025-07-31,1.8309064993475803
2025-08-01,1.8464816200105312
2025-08-04,1.8342938174901557
2025-08-05,1.8334917941201776
2025-08-06,1.8172872782298142
2025-08-07,1.8303127569665034
2025-08-08,1.842370962876838
2025-08-11,1.8237632001542736
2025-08-12,1.8129720782686096
2025-08-13,1.7858126078549201
2025-08-14,1.804199054254461
2025-08-15,1.7879954782241385
2025-08-18,1.7608786012531232
2025-08-19,1.7638104871494171
2025-08-20,1.7604006878064662
2025-08-21,1.7849420879487856
2025-08-22,1.745015448938057
2025-08-25,1.7188004412197646
2025-08-26,1.7306193056983439
2025-08-27,1.7187738739611662
2025-08-28,1.6694938015612184
2025-08-29,1.6621386908562172
2025-09-01,1.6353961516878774
2025-09-02,1.6777039666233158
2025-09-03,1.6694177996173507
2025-09-04,1.731450392929775
2025-09-05,1.6737059040105766
2025-09-08,1.6836429536305269
2025-09-09,1.7067157062785192
2025-09-10,1.6940160528682688
2025-09-11,1.6471630471313516
2025-09-12,1.6427104271945585
2025-09-15,1.6466498169099348
2025-09-16,1.6343694963779747
2025-09-17,1.634021091472603
2025-09-18,1.6331510954426274
2025-09-19,1.633676145702097
2025-09-22,1.588794042732839
2025-09-23,1.586526120515471
2025-09-24,1.5589536178436068
2025-09-25,1.5426115832887581
2025-09-26,1.5861894124565818
2025-09-29,1.5814929753441498
2025-09-30,1.5617041516507677
2025-10-09,1.559240910914986
2025-10-10,1.6284282452799688
2025-10-13,1.614311874743601
2025-10-14,1.6925068044069644
2025-10-15,1.6670657991832982
2025-10-16,1.6818858867544604
2025-10-17,1.7294176640578143
2025-10-20,1.7204626717980798
2025-10-21,1.7199964431480002
2025-10-22,1.7456445326948558
2025-10-23,1.7645093833425105
2025-10-24,1.7150933940526958
2025-10-27,1.6964495228210716
2025-10-28,1.7064582736636313
2025-10-29,1.6838729325074229
2025-10-30,1.707377666877158
2025-10-31,1.7315864040182478
2025-11-03,1.7437470238852355
2025-11-04,1.783389284960652
2025-11-05,1.7902191007924464
2025-11-06,1.7569336774458177
2025-11-07,1.7809675930933877
2025-11-10,1.8079736970700573
2025-11-11,1.827584457875596
2025-11-12,1.841618424041667
2025-11-13,1.8073685301277456
2025-11-14,1.852342262934458
2025-11-17,1.838649815731776
2025-11-18,1.846769766437364
2025-11-19,1.848482958098498
2025-11-20,1.8705213409887893
2025-11-21,1.8993431356879253
2025-11-24,1.8822866293606597
2025-11-25,1.8617346574075606
2025-11-26,1.8570111262596898
2025-11-27,1.863068717389254
2025-11-28,1.8595754936944275
2025-12-01,1.866409711083986
2025-12-02,1.8843091411820412
2025-12-03,1.9035065612175894
2025-12-04,1.8994779317993595
2025-12-05,1.8836587490660768
2025-12-08,1.8453582829681334
2025-12-09,1.83547854995477
2025-12-10,1.8353692417795933
2025-12-11,1.8466319439245429
2025-12-12,1.8319106190746255
2025-12-15,1.8592567018433663
2025-12-16,1.8758404974742837
2025-12-17,1.8496235412294997
2025-12-18,1.8731215726141497
2025-12-19,1.8721203131176098
2025-12-22,1.8353112064943224
2025-12-23,1.8334985022771968
2025-12-24,1.8081247561104195
2025-12-25,1.797883011057841
2025-12-26,1.7816076979054656
