date,Quantalpha,alpha158,alpha360
2022-01-03,-0.006841381258383961,-0.010105187658368653,-0.010105187658368653
2022-01-04,0.017619836816903156,-0.005851665674207807,-0.012790932229978513
2022-01-05,0.0397957275353269,0.010299575754527002,-0.006378350376682995
2022-01-06,0.05618529821663487,0.01676730425479178,0.0037094969158379953
2022-01-07,0.06544302421306636,0.02076639910948641,-0.006191058378501757
2022-01-10,0.06469278248231136,0.023210693945527883,-0.005007339031049884
2022-01-11,0.06209510721318856,0.014742615173934936,-0.003545230831500379
2022-01-12,0.06068857030422925,0.012092167219344585,-0.011469267269166639
2022-01-13,0.08718574246170108,0.022789153826357822,-0.012904444662677372
2022-01-14,0.08154509737045523,0.01407838491141189,-0.017263994273689076
2022-01-18,0.10192303700179073,0.028421001716195438,-0.0016041870965374239
2022-01-19,0.10842183712209907,0.0368533758231393,0.005322923044560612
2022-01-20,0.10838905452187286,0.04133456749936015,0.007817045752750662
2022-01-21,0.13181759067291976,0.06174368462056745,0.007587036123578139
2022-01-24,0.15682385059560655,0.07401544698981266,0.026544693999302593
2022-01-25,0.16673301737463286,0.07820672958838415,0.03723551311737605
2022-01-26,0.1602182716455225,0.07422703811049769,0.027814024231184176
2022-01-27,0.15658622451425508,0.07372047058752473,0.029273898872890003
2022-01-28,0.13071010410331696,0.04274022151339962,0.005161921570235428
2022-01-31,0.13234830805690878,0.03409284664268242,0.008755711293458202
2022-02-01,0.1343320610273686,0.031779100342332445,0.013094194392800684
2022-02-02,0.1300675171996324,0.01895097350406516,-0.014297828069631646
2022-02-03,0.1606012559540455,0.04676603704683213,0.006406943108490992
2022-02-04,0.14933233259873968,0.03207294886830159,0.013257797098337631
2022-02-07,0.1596476662343964,0.03925022516046961,0.02206823909796829
2022-02-08,0.16172524561445423,0.034520838176596236,0.012776498032926131
2022-02-09,0.16364433805539869,0.03529147761449769,0.020641553088351694
2022-02-10,0.17978154072907593,0.05092686257596046,0.03677325900471473
2022-02-11,0.20202048146531593,0.077756710330952,0.052105839472113
2022-02-14,0.19681388645574938,0.07775993001079895,0.040764074493301106
2022-02-15,0.19783137662363592,0.06680305668104847,0.03554211786645367
2022-02-16,0.19951908388876793,0.07161918474214723,0.034560786360323004
2022-02-17,0.22041388842955922,0.09433137429190719,0.057382959920119214
2022-02-18,0.2294109638740145,0.10351597454089378,0.061081993287655845
2022-02-22,0.2331325707304599,0.11218347028838305,0.06344557196301781
2022-02-23,0.2566441415004317,0.13288098540128424,0.08274240400266653
2022-02-24,0.253156445032225,0.13815157612633744,0.08650836036740817
2022-02-25,0.22671288859080407,0.11823670513729412,0.06738952343636795
2022-02-28,0.238518206412196,0.12398735060027466,0.07394172925695264
2022-03-01,0.239373290963925,0.13436527978719193,0.08363862117165977
2022-03-02,0.23486531078842665,0.12597853237749423,0.0680039239744914
2022-03-03,0.24125528331130397,0.13579455745719393,0.060324790907390735
2022-03-04,0.24777104097625635,0.13218514416846738,0.055456659393306795
2022-03-07,0.2815897239614229,0.15105193474043066,0.08234545102211177
2022-03-08,0.3253355731612979,0.17452332389031588,0.1090871075087736
2022-03-09,0.30267571498618717,0.15888543911436526,0.0960919182650608
2022-03-10,0.3101552999403281,0.16245109739073382,0.10748606253129522
2022-03-11,0.3297745450982401,0.17825592606345175,0.11236860295611484
2022-03-14,0.35112014474766373,0.1927404149370504,0.10461158429703898
2022-03-15,0.3303880458053845,0.16312754868915347,0.08335289220878983
2022-03-16,0.34003065651462916,0.15357745942755985,0.07198822154650864
2022-03-17,0.320733847928913,0.1485679114689047,0.08043378631186937
2022-03-18,0.3072971937333231,0.13471073179910298,0.07623507365001903
2022-03-21,0.2977111226079596,0.13494003559723522,0.08190448666513594
2022-03-22,0.28927463921078855,0.1240568057339071,0.07672132690981037
2022-03-23,0.295191015127682,0.1357980440488733,0.10522378313930325
2022-03-24,0.2791832708600164,0.1169318771608363,0.08359726522995681
2022-03-25,0.2746192450596694,0.11686749836318344,0.07550514328859204
2022-03-28,0.2560331144679002,0.09669335938886658,0.0657701238058872
2022-03-29,0.2580944069442397,0.09658449896211052,0.0569967017585995
2022-03-30,0.24659983053082946,0.09979713538555801,0.05160010160784756
2022-03-31,0.2638977751403224,0.11561250645254928,0.06502855932035034
2022-04-01,0.25906972994361577,0.10903100466535554,0.06402946023662404
2022-04-04,0.2459019793396342,0.09372618656254539,0.06126545845881304
2022-04-05,0.25306343576687573,0.0974056881023988,0.05697680615382472
2022-04-06,0.2621217728767451,0.10765958063925973,0.0638438120331597
2022-04-07,0.2547823032719232,0.09521565287548861,0.06039772238241392
2022-04-08,0.27506959235701367,0.1066413661167589,0.0741243392407287
2022-04-11,0.3063259054863312,0.1281814320152468,0.10064989446536243
2022-04-12,0.32022443222159014,0.1376610197767263,0.10850908480722632
2022-04-13,0.3118446172173277,0.13177362759836586,0.10849693617272993
2022-04-14,0.33646006938657735,0.1517355353433747,0.11904380167084061
2022-04-18,0.34374954976189387,0.1536568462506478,0.111358589565417
2022-04-19,0.3219027764582574,0.14827378507877143,0.10468709714912916
2022-04-20,0.337664586831649,0.14945499671168339,0.09416554673137423
2022-04-21,0.3443487949426156,0.1626251477998486,0.08329429605545857
2022-04-22,0.3732501529184227,0.18869498832647102,0.11143099675059731
2022-04-25,0.35343641000099435,0.17829228398904284,0.09888426910650927
2022-04-26,0.40214813187275555,0.20597484213514639,0.12641487637326176
2022-04-27,0.39968723583603705,0.20176702695712545,0.1253915626721942
2022-04-28,0.36357582910679254,0.1710239845076913,0.10561515975206448
2022-04-29,0.4297107462759544,0.21059732903372175,0.14284409519300767
2022-05-02,0.43288035603512665,0.20375851684041013,0.14868944729994182
2022-05-03,0.4607473005409344,0.2048542490289933,0.15626916467838292
2022-05-04,0.42723411672061773,0.17355590804844456,0.12859876505785373
2022-05-05,0.4647024463752336,0.2118344325050332,0.15361479149312363
2022-05-06,0.49036217998806264,0.21489211885085213,0.15420193951397843
2022-05-09,0.4714134044866043,0.24303775726614374,0.13414453094935652
2022-05-10,0.4657921693012874,0.23540688497889795,0.1347208598214802
2022-05-11,0.4970165357701173,0.2473675249397964,0.1432943702819225
2022-05-12,0.5129789218496081,0.2651742110096893,0.16551960367019647
2022-05-13,0.5197206276365498,0.2456462808939779,0.1830998209033341
2022-05-16,0.5326773703129641,0.2405336194101313,0.18255481701418064
2022-05-17,0.5184247983713668,0.23479014510768548,0.17343330922999645
2022-05-18,0.577665194084336,0.269089854674194,0.2055812850111014
2022-05-19,0.6058082759736578,0.28396194622472337,0.23095577105820841
2022-05-20,0.6074269366476586,0.2889889271790833,0.23183820728202043
2022-05-23,0.5935583154205992,0.2636312999459878,0.21078595791128074
2022-05-24,0.5936894082940585,0.27085064843367546,0.19567267444134906
2022-05-25,0.6169926347380219,0.2810919126610889,0.21793297030993264
2022-05-26,0.6173866240540906,0.2729314752934562,0.21747202614550387
2022-05-27,0.5849711414361936,0.246606603035743,0.2027467545836137
2022-05-31,0.5878680265788752,0.25031912640948306,0.20605037120655156
2022-06-01,0.6051027924630954,0.2523201065240981,0.21573045695967608
2022-06-02,0.5765570230311927,0.24145888680765104,0.20425357598878313
2022-06-03,0.6127901359950345,0.2569588142823327,0.22639525110704528
2022-06-06,0.6127447267435597,0.25033244902257157,0.22851207546673247
2022-06-07,0.6075414114387461,0.2431929132519648,0.228906069422403
2022-06-08,0.617463459602656,0.24301871473853365,0.2438739798226648
2022-06-09,0.6443064765503257,0.2671819418689223,0.2622118139595371
2022-06-10,0.6951151457372078,0.3039791749108238,0.29596218625545956
2022-06-13,0.7296571975563728,0.3385084806877061,0.31079064524454236
2022-06-14,0.7277280164683859,0.3417016405754829,0.3079611737697996
2022-06-15,0.7033484459708348,0.3292743430799947,0.28694056546000124
2022-06-16,0.7267890405327893,0.3604746913900043,0.29332230699501616
2022-06-17,0.7393564451637833,0.3672434266686124,0.28868121478834907
2022-06-21,0.6859138879549649,0.33293625217915324,0.2546415150256103
2022-06-22,0.6807813173949573,0.3310940638363631,0.24323386380293055
2022-06-23,0.6377984468901985,0.3038998335532983,0.2170451914389402
2022-06-24,0.6011617008571015,0.2774845199567819,0.2020870263978738
2022-06-27,0.6218508821865572,0.2899135128904178,0.21749433136506435
2022-06-28,0.6796845438596733,0.3318644603657437,0.2548239293228385
2022-06-29,0.6545610061918876,0.3137756100816227,0.21980597820180914
2022-06-30,0.665144418119352,0.3226821689039141,0.21024480666410894
2022-07-01,0.6551106665601567,0.2958474725557214,0.19301776441950347
2022-07-05,0.6401277291800163,0.27755501198340515,0.1948505417802897
2022-07-06,0.6143072378349577,0.2570003128747631,0.16073940236470508
2022-07-07,0.6233370801178224,0.2640345612523307,0.17319534904454814
2022-07-08,0.6227663554871334,0.2596367282226557,0.17100568432267105
2022-07-11,0.6276122568547982,0.2758445624917678,0.16284839464793088
2022-07-12,0.6560799527204413,0.29704530280870545,0.1857360438595208
2022-07-13,0.6693582610925974,0.29618215670848436,0.18773194967794504
2022-07-14,0.6471390518929667,0.2855982089849587,0.16859606886741751
2022-07-15,0.6279137923442013,0.2745847403039863,0.16240571972775353
2022-07-18,0.6827352282475476,0.3057310619022724,0.20587991969873642
2022-07-19,0.6719601206355534,0.2816958943565566,0.19682683491225839
2022-07-20,0.6838351654450723,0.28224967475955043,0.21653465584488285
2022-07-21,0.6506305028171213,0.26076579394707844,0.18079019769119276
2022-07-22,0.6561641491550678,0.26640635102310917,0.1726609590812349
2022-07-25,0.6845053243153116,0.27977831843565193,0.1756834797211011
2022-07-26,0.697231061808752,0.2917228051739218,0.17978367760793756
2022-07-27,0.6723257281598964,0.2585838681288757,0.16718491197408358
2022-07-28,0.6543271187154074,0.2437809002356368,0.15940381332247466
2022-07-29,0.6482329875099764,0.22546748738758549,0.1422724916217366
2022-08-01,0.645047219161639,0.22853920179027942,0.14531797169241378
2022-08-02,0.6753316585182936,0.2382167657874923,0.17111448041667932
2022-08-03,0.643053303751489,0.21531075390459953,0.15381958465411216
2022-08-04,0.6166341589612598,0.19913498531867146,0.14936634497186163
2022-08-05,0.6303425444563466,0.21572474535324582,0.18254348424240807
2022-08-08,0.6548169368627881,0.23704966773657787,0.20102084239725815
2022-08-09,0.6670853552686229,0.2418969815789176,0.19425105831902423
2022-08-10,0.6434798243492879,0.22152577970646536,0.19388248639155115
2022-08-11,0.6666142993485595,0.24147546017274246,0.21474677849543156
2022-08-12,0.6347586512670711,0.21843112953742416,0.1973791256988271
2022-08-15,0.6093995470750047,0.20210902896256622,0.17625973198538825
2022-08-16,0.6117265247974668,0.19960301885272358,0.1759035782711882
2022-08-17,0.6227581322114952,0.20223838673743488,0.17099687315700418
2022-08-18,0.6291579608320754,0.20734804298401155,0.17285787521815554
2022-08-19,0.6499100910453948,0.21508300951763082,0.1692055589575252
2022-08-22,0.6946835481433624,0.23945488879549437,0.18548964201561957
2022-08-23,0.7103380186355179,0.25293388114980475,0.19891087288881337
2022-08-24,0.7090708758225406,0.250453461165977,0.21315440228308935
2022-08-25,0.6890830334242413,0.24151189538427853,0.20780351277015918
2022-08-26,0.7391809565220995,0.275414851312491,0.24172149572598167
2022-08-29,0.7494992937766829,0.2807968427571368,0.24545975618731708
2022-08-30,0.7626344079283709,0.29797714725488245,0.2548881944249477
2022-08-31,0.776210369182494,0.30667116399543115,0.26946797773864484
2022-09-01,0.7577539578029233,0.2984460051836011,0.2509723390162306
2022-09-02,0.7806146925471538,0.313031546870876,0.2746161014596009
2022-09-06,0.7796664865041583,0.31517123844998784,0.2653701152091483
2022-09-07,0.759196048359563,0.29692470355139444,0.24363204233855895
2022-09-08,0.7565529082094162,0.29052275744523937,0.24311940585284986
2022-09-09,0.7411153152084917,0.27502213185343805,0.23993278095235637
2022-09-12,0.7266054918907474,0.2652911963806639,0.2377967730962265
2022-09-13,0.7841084676755434,0.3066815526458462,0.27993411793978096
2022-09-14,0.7812191603962249,0.2926468359238872,0.2804561698479002
2022-09-15,0.8079270210330445,0.31250155189573947,0.2845440184801513
2022-09-16,0.8113046763969389,0.31950324499039673,0.28124578385192534
2022-09-19,0.8069382994689949,0.31517315728809026,0.27726578159019843
2022-09-20,0.8124875402035441,0.31360995599482533,0.2729194413659426
2022-09-21,0.8449121572177987,0.3360249477361432,0.2956356148410686
2022-09-22,0.8353281706558033,0.3310674417348407,0.27938096374361887
2022-09-23,0.8656452294612924,0.3455452669934995,0.29435179671390665
2022-09-26,0.8765369131158485,0.34334008788908,0.2914696252900115
2022-09-27,0.8903052918809058,0.34640742294801496,0.30647863334672554
2022-09-28,0.8878662563387045,0.33659633282763934,0.3055372165449717
2022-09-29,0.9225719818568472,0.3544742549712152,0.3157622798670505
2022-09-30,0.9664579631531405,0.3864793062774281,0.35210099427128605
2022-10-03,0.9560442392072224,0.3657459130508738,0.3283833118764763
2022-10-04,0.9459051953780051,0.34814880793290226,0.31720532958587433
2022-10-05,0.9622250054346864,0.347180961330684,0.3112993981238048
2022-10-06,1.0048144596513269,0.35085911541575787,0.32688113750112024
2022-10-07,1.074252073686485,0.3860581825301428,0.3583615564665654
2022-10-10,1.0761798580864386,0.39244396471076404,0.36062420901945513
2022-10-11,1.089486979243131,0.4066015765915256,0.3727579112124677
2022-10-12,1.1088849957987605,0.40102611071937666,0.37868940946455143
2022-10-13,1.0536416463062683,0.37392900683948205,0.33722456796749256
2022-10-14,1.0735645282058122,0.40893320335074734,0.3591968074510039
2022-10-17,1.0370113765000548,0.3774751861242538,0.3292434754605156
2022-10-18,1.0293296635624234,0.369284296243378,0.32266527818107194
2022-10-19,1.041633004767883,0.36436314805237724,0.3208739814202417
2022-10-20,1.069851289432123,0.37702888812715574,0.3229785496726829
2022-10-21,1.0221852478755675,0.35103142677558874,0.2890610891079013
2022-10-24,0.9918247510033513,0.33553115658533406,0.2598693690164642
2022-10-25,1.0114820745731472,0.32853809465542594,0.2647421596139208
2022-10-26,1.0392208722073768,0.3460920363034439,0.28865607671883886
2022-10-27,1.0445668674663442,0.36483466578057877,0.30005970370025636
2022-10-28,0.9836790897117496,0.3288565147352547,0.2565398663821028
2022-10-31,1.0054702403714346,0.3393601271915123,0.272260426341427
2022-11-01,1.0325882729480496,0.3595258144067395,0.2866304998451392
2022-11-02,1.066919896540968,0.3783670998571993,0.320342480650033
2022-11-03,1.1066553123245755,0.388739638342968,0.34514644756590496
2022-11-04,1.0973320569639875,0.37680601295752836,0.3305003902018262
2022-11-07,1.0802381036533553,0.3611825924618737,0.3120442327213515
2022-11-08,1.0748826540711027,0.3610584691147969,0.29439828749453345
2022-11-09,1.1026608406423692,0.3754946038296878,0.3106281362439116
2022-11-10,1.0688201730391738,0.33038345456456164,0.26218622524632584
2022-11-11,1.0591120624582602,0.339728222410431,0.26057591442613814
2022-11-14,1.0560232362191977,0.33823357888462824,0.2651870099331983
2022-11-15,1.0653265728748549,0.3415207340572033,0.27838469876178773
2022-11-16,1.0669028483560332,0.3328450950981543,0.2751752271134531
2022-11-17,1.0776774157039144,0.3335144190293715,0.28701898341464127
2022-11-18,1.0695221053363952,0.3284413831412676,0.2730585567244759
2022-11-21,1.086218579561764,0.33603848857811847,0.2648815167508498
2022-11-22,1.0667273020729193,0.32696809886960243,0.2522590027207847
2022-11-23,1.0454652280619445,0.3218121934921456,0.2486402724803114
2022-11-25,1.0538174195619727,0.32793630550918085,0.2492523563857587
2022-11-28,1.0852440489972182,0.33698685423730357,0.26368403429087683
2022-11-29,1.0991136870344196,0.35433785486259106,0.274412892278872
2022-11-30,1.0239972467193867,0.3043133185295417,0.24142278968215836
2022-12-01,1.0253112358576275,0.3075475487860855,0.24124031266731238
2022-12-02,1.0366590099093616,0.30497184515974096,0.24798057818996866
2022-12-05,1.059013387315987,0.31441383302353887,0.24866932710035328
2022-12-06,1.0970270651821443,0.33029573531440204,0.25374953212533735
2022-12-07,1.1024354178937261,0.325552246941998,0.2545611979201796
2022-12-08,1.0776874480466843,0.3080431813317541,0.24865608974521525
2022-12-09,1.0907505243927296,0.3168824948631903,0.25556226451836705
2022-12-12,1.070497893252294,0.30552233877373025,0.24112372618768396
2022-12-13,1.064166738147637,0.29974728119332883,0.2360559984417876
2022-12-14,1.0743061432175698,0.30140464389180677,0.2466587625672938
2022-12-15,1.140872875114165,0.33612206654223553,0.2749786656390496
2022-12-16,1.1629379312919466,0.34707116353028056,0.2789578418046361
2022-12-19,1.1840595440532375,0.3569271817220352,0.2739267033002024
2022-12-20,1.2068955422915746,0.3580496734796885,0.28021601366381566
2022-12-21,1.188854010061163,0.3385697348590937,0.2632389578199126
2022-12-22,1.2003132494134094,0.36102937139832214,0.2728146827842659
2022-12-23,1.212793668328512,0.358005600931371,0.270645020087108
2022-12-27,1.233100734744725,0.36772555741767654,0.26515522672200165
2022-12-28,1.243927959278206,0.37737744287761776,0.2719765793903888
2022-12-29,1.2197545569233919,0.3591729239294008,0.2728889476035319
2022-12-30,1.2223637125786455,0.36194391887757127,0.28325653744950907
2023-01-03,1.2281976915565829,0.37338891019530807,0.28015699723636955
2023-01-04,1.2437182212142575,0.390618308427225,0.29799005797013955
2023-01-05,1.2724690009576265,0.4013708320272509,0.3079699179702813
2023-01-06,1.2258905960036532,0.38159020113596354,0.27779042981848057
2023-01-09,1.2515229214252472,0.3930246561641022,0.2947455340500005
2023-01-10,1.258338041286657,0.3852219739921787,0.29531712437265245
2023-01-11,1.2412671805690794,0.3783381227555813,0.2915814473051659
2023-01-12,1.2485180253080408,0.3885319649952579,0.3036750903871839
2023-01-13,1.2418978271113343,0.37728884596774415,0.29923058043119943
2023-01-17,1.243372490036665,0.38725230347998196,0.31924409157016265
2023-01-18,1.2845607298819295,0.40703688272875005,0.33496590100796597
2023-01-19,1.2806739650987398,0.40803044973625746,0.32828437840989344
2023-01-20,1.2476759754755915,0.3896484169714247,0.3199033731283689
2023-01-23,1.2293906946779174,0.38080206828952257,0.3189587187597933
2023-01-24,1.2371006389610244,0.38595019099471917,0.3198384351871364
2023-01-25,1.2403969467964764,0.3868146078460126,0.32122010881997554
2023-01-26,1.2036388402716423,0.3654210723425033,0.3036041146164621
2023-01-27,1.1982980852183833,0.36805789097880437,0.3111321307552808
2023-01-30,1.2298188378281525,0.38627168463303097,0.32874365467436495
2023-01-31,1.227998454865154,0.3756133789946621,0.32119417147573626
2023-02-01,1.2119883681526487,0.36622409338916784,0.3282837210953815
2023-02-02,1.1730471965724338,0.3465588703303437,0.30603352416702423
2023-02-03,1.1951507344522585,0.35628691211386454,0.3155735836164213
2023-02-06,1.208889610713129,0.3586564660655651,0.3223549062274249
2023-02-07,1.1748664166980602,0.33578242819695614,0.3034148183847898
2023-02-08,1.2118913445233983,0.35303171545691403,0.31859806529456125
2023-02-09,1.2273043704760216,0.3631046364754622,0.3227960156688068
2023-02-10,1.236267482785812,0.3723057463040398,0.32507556392043524
2023-02-13,1.2128391469979944,0.3562928527931144,0.31273899208516354
2023-02-14,1.2128567371405485,0.35363481209786407,0.31559978008387723
2023-02-15,1.205330956021458,0.35219216578363377,0.33442951988458813
2023-02-16,1.2396932909813567,0.3749946091745766,0.3497131616723945
2023-02-17,1.2338842059598965,0.3750554992355355,0.34545566252059756
2023-02-21,1.2743188270096293,0.39366351084144124,0.3605894947149699
2023-02-22,1.2775618179678765,0.39978716018514526,0.3691475001288296
2023-02-23,1.2738971287511278,0.3963946882142977,0.3690102276335605
2023-02-24,1.3052458530025461,0.4109375250945788,0.3859761143665117
2023-02-27,1.3030530906587736,0.40036018212626145,0.3809450311165046
2023-02-28,1.3149518438367425,0.40182188817974485,0.3907164364588398
2023-03-01,1.3664517205785986,0.4085744485314329,0.41258284984347826
2023-03-02,1.3625806062286863,0.3985369154541427,0.41202508890650846
2023-03-03,1.321700829328699,0.372808786253513,0.3892508629412026
2023-03-06,1.2939404827019851,0.3609967940995342,0.3646939934117539
2023-03-07,1.3391333347481633,0.36750158504249697,0.3746562148514998
2023-03-08,1.3454571419057513,0.3722041483263454,0.37152784600120614
2023-03-09,1.3780779885636893,0.3791411182600257,0.37219697962793274
2023-03-10,1.3891416339685425,0.3717621131481792,0.3643962045579674
2023-03-13,1.3586349564745177,0.32914252557840795,0.33531658054026914
2023-03-14,1.3070625649520853,0.29916097374001827,0.31015060120668525
2023-03-15,1.265527529138502,0.29665824895006754,0.29937775659101584
2023-03-16,1.2314041777622005,0.26832487821823325,0.27184396153058965
2023-03-17,1.2303124929503944,0.25844617921723656,0.26182569296907054
2023-03-20,1.2225656518822565,0.26075470884200613,0.2577541172164839
2023-03-21,1.2195620003255514,0.2597076818438906,0.265980080493027
2023-03-22,1.2397617956690055,0.2556496860168367,0.27441027819736497
2023-03-23,1.2217498375873301,0.23045395388615786,0.2496490239996394
2023-03-24,1.1899396532454043,0.2256329940608468,0.24282575753094449
2023-03-27,1.2085132966290675,0.24354791169141654,0.25683011254278565
2023-03-28,1.2407187426553303,0.25311942867936255,0.2635171275248209
2023-03-29,1.2257335850256106,0.2429750033529694,0.2598889043903705
2023-03-30,1.2203125441815281,0.23587170105377586,0.24904669784908995
2023-03-31,1.2004367608973832,0.2291510259931362,0.24144725161151315
2023-04-03,1.1936874525957117,0.21620167354588515,0.2298539325948752
2023-04-04,1.1700464831723991,0.21227005974692625,0.22310096803786283
2023-04-05,1.1523500794484307,0.21098275700535152,0.20670048473624658
2023-04-06,1.1343359607080248,0.2056815201252653,0.2029799857915291
2023-04-10,1.1552175287179147,0.21538590334371843,0.21932037235042956
2023-04-11,1.1708680546292043,0.2259691152504013,0.2359025306684448
2023-04-12,1.1788057087471762,0.2249073525591503,0.22262095714039631
2023-04-13,1.1379504023570903,0.20243666715225306,0.2045642016471898
2023-04-14,1.1423176733199405,0.20551724390363146,0.20413720907487964
2023-04-17,1.1521661716395584,0.2162218988272897,0.21897464618659512
2023-04-18,1.1633271010291208,0.21109384221790406,0.21645776117923243
2023-04-19,1.1623082181124609,0.21233413778842247,0.22163555687649028
2023-04-20,1.1832744208629635,0.20632619487465953,0.20890030596923914
2023-04-21,1.1838398818745413,0.19483707014715845,0.20054810139750412
2023-04-24,1.1876573869539353,0.18841117349724112,0.19626375224074266
2023-04-25,1.217228213722311,0.19389441944982666,0.20091310372404925
2023-04-26,1.198727261220606,0.1929486566333407,0.2034413783095439
2023-04-27,1.1585450426921162,0.17609204775759912,0.18743289758810122
2023-04-28,1.1461753016172787,0.17789550402821086,0.18511778697893821
2023-05-01,1.1585732453949138,0.16873020586687182,0.17744810573231073
2023-05-02,1.1853346863189955,0.14890099827447312,0.16108594844316237
2023-05-03,1.2114631382093979,0.149610715129171,0.16764493319312113
2023-05-04,1.2250299758037113,0.1409029073729673,0.16130201646184927
2023-05-05,1.187345930444998,0.14689844758726922,0.17289549015367722
2023-05-08,1.2020486514295419,0.14177357793014012,0.16586012683000906
2023-05-09,1.2139235985589476,0.14824242146721578,0.17742551070816193
2023-05-10,1.1994242564210635,0.12572834942707,0.16256293261230392
2023-05-11,1.2097359116877948,0.11446903746769177,0.14996627167385168
2023-05-12,1.2156013691507122,0.11478409131105138,0.13967188914005613
2023-05-15,1.234308883345141,0.12132544051037408,0.156882554027302
2023-05-16,1.2192378527709336,0.10223828642355359,0.14472259255569941
2023-05-17,1.2244091244370732,0.11853624485559555,0.16046140577754042
2023-05-18,1.2158812797046576,0.10474300934788716,0.15823219475469896
2023-05-19,1.2071676589907807,0.10046039442053467,0.1487805666461841
2023-05-22,1.2129731568624735,0.11639342689114773,0.16589782790030183
2023-05-23,1.2493829766574254,0.1370095387146355,0.18680686619196463
2023-05-24,1.257916367666859,0.1343781600296734,0.19686017202929262
2023-05-25,1.2111981389152162,0.10322559006128884,0.1801955304274696
2023-05-26,1.1694077979422035,0.08643291259648067,0.16371951651805894
2023-05-30,1.160113042845064,0.09103735137008706,0.16382730883912444
2023-05-31,1.1527278904294547,0.09198357246026845,0.15624956432033166
2023-06-01,1.1171163923362255,0.07581614586283814,0.14822366520367414
2023-06-02,1.1324929191688407,0.0847452211130637,0.1567688945133816
2023-06-05,1.1329973403979574,0.0797071081063847,0.1509131446719847
2023-06-06,1.167999136238579,0.09858752426922801,0.17142544945968918
2023-06-07,1.2170754276630356,0.13493844176567182,0.19510659735381664
2023-06-08,1.184685709183297,0.11675282208715498,0.18090722750751542
2023-06-09,1.1709879364880718,0.10463393629060214,0.17020771653721356
2023-06-12,1.146465383457723,0.08813411083320966,0.1527206447471341
2023-06-13,1.145018540096531,0.08626451382801137,0.1530527975809579
2023-06-14,1.1386593059859913,0.07436003171502015,0.1534602306133177
2023-06-15,1.116046364359668,0.0638136112826122,0.13889880941497856
2023-06-16,1.1328569912943074,0.06699533176792238,0.14531196612326758
2023-06-20,1.1437374275967582,0.06227811612444545,0.14493047989140218
2023-06-21,1.173155424306072,0.06880269328146515,0.14949533164156215
2023-06-22,1.1538200727658103,0.04374445165609164,0.1319850030547538
2023-06-23,1.1748027144694428,0.044545442934639246,0.13644302473722458
2023-06-26,1.2066331388633782,0.08018582667775798,0.15689167653114233
2023-06-27,1.2029114047810547,0.07848466241519825,0.1648613551986895
2023-06-28,1.2071377449304719,0.07809528790811937,0.1659957469782023
2023-06-29,1.2056398427507111,0.08197282136588857,0.1626036365147805
2023-06-30,1.1794542826289072,0.06660225595654579,0.1517940010711738
2023-07-03,1.1838697755140544,0.07540907237429062,0.16542895342578712
2023-07-05,1.1807088130756895,0.07557603175633076,0.16466437707081627
2023-07-06,1.198435296029606,0.07779068151647106,0.16230186037927763
2023-07-07,1.2304564919266805,0.08941390238351232,0.19098414498816974
2023-07-10,1.2431961940503515,0.09395921986763134,0.21095858406516954
2023-07-11,1.2438894019760793,0.09436429573887084,0.21924304101492909
2023-07-12,1.2327979014952595,0.08491183470905472,0.20915152987989116
2023-07-13,1.2202331193041873,0.08155590502366161,0.21072653642735029
2023-07-14,1.2112563211261476,0.07268790189416952,0.2024251474736054
2023-07-17,1.2090619098978785,0.06658654931881225,0.20069622575585133
2023-07-18,1.2026978321277753,0.06740263141622482,0.20112736510127727
2023-07-19,1.186438815795802,0.07082218082121594,0.2203896624981463
2023-07-20,1.206330181319029,0.0813295626811179,0.20846777754298107
2023-07-21,1.2099528342558408,0.07997907781585933,0.20690046815303997
2023-07-24,1.1962928159154687,0.0795693842184082,0.19848749145667455
2023-07-25,1.1959235029442032,0.07150005083355349,0.18682533246653676
2023-07-26,1.1942029825939735,0.08280039421411822,0.1991737001848608
2023-07-27,1.2178401305197712,0.09186488265802129,0.19837007457732447
2023-07-28,1.2002562180508178,0.08427545507964451,0.19714801612239352
2023-07-31,1.2075561222686688,0.08779280662122546,0.20489574586632453
2023-08-01,1.2299300977614331,0.09139252069236825,0.19552189132658815
2023-08-02,1.2531934123409765,0.09940246968872368,0.2066947966229178
2023-08-03,1.266301917064216,0.10034019429182739,0.20769729639322
2023-08-04,1.2892727549528633,0.1067449080342322,0.20852992929531045
2023-08-07,1.273493323787152,0.09688471034221324,0.20434365582534264
2023-08-08,1.2686220430272117,0.10043907305871236,0.20135213833555365
2023-08-09,1.2697507698434833,0.10408733385063274,0.1939259412653267
2023-08-10,1.2640111365559363,0.10416442056512887,0.200399260913114
2023-08-11,1.2619579177863889,0.10279834320622006,0.19627439726491325
2023-08-14,1.252729692535702,0.08798377046509498,0.1828846108959714
2023-08-15,1.2729740876624271,0.0925928274102179,0.17674150859258275
2023-08-16,1.2848487084366216,0.09800896065523235,0.18271443926100783
2023-08-17,1.2848201348022834,0.10974281103415784,0.18724696854213385
2023-08-18,1.2943420854897254,0.11487151898648862,0.18650329679241406
2023-08-21,1.2852681580974652,0.10631749412700153,0.1758011618389268
2023-08-22,1.2949510461182716,0.09946171084576227,0.17102533638051742
2023-08-23,1.2879389998141542,0.09529719494049438,0.16291070669115748
2023-08-24,1.312099308065216,0.11242206166513813,0.17240569306729125
2023-08-25,1.2950583411316465,0.09880066649180419,0.16240702949914665
2023-08-28,1.290678787446839,0.09934614793865126,0.162086272873619
2023-08-29,1.2780451111100843,0.0846794396523094,0.1551212621650646
2023-08-30,1.2691405505299387,0.07335869642844273,0.1509614290537269
2023-08-31,1.2833321278770864,0.07581316318961817,0.15697794178297864
2023-09-01,1.295981236535293,0.07833112403235765,0.16673563796571322
2023-09-05,1.2869355668912612,0.0699661946271013,0.15744811855329588
2023-09-06,1.311287863411461,0.08066397778033929,0.1710157451859995
2023-09-07,1.3077447809247547,0.0813053397937622,0.1652230943699633
2023-09-08,1.3077916372179788,0.08741510242774475,0.16302031529758687
2023-09-11,1.2736677649602481,0.07299395721902724,0.152220300322214
2023-09-12,1.2902665656563044,0.08901154423022573,0.1719685982327095
2023-09-13,1.2496039581947116,0.08013129378749984,0.15981925155285226
2023-09-14,1.2579213404859853,0.08157101443357373,0.161844506567149
2023-09-15,1.2877285016332212,0.09758448801348374,0.17639268576956124
2023-09-18,1.27734460858519,0.09085948972420632,0.16302363568518463
2023-09-19,1.2840816432942423,0.09614030370083682,0.16221483196185216
2023-09-20,1.31144424087055,0.11056818734269958,0.1732478044730208
2023-09-21,1.3198443644413551,0.12128330544214427,0.1783692439629656
2023-09-22,1.3239578832901167,0.12093846702986144,0.17307675607404382
2023-09-25,1.3221423298192874,0.11498870999679345,0.1626545237433068
2023-09-26,1.3599470381078786,0.12557951443052406,0.17170287725988498
2023-09-27,1.384645665000178,0.12303817530344685,0.1796606948388002
2023-09-28,1.3970737749478928,0.12442638210667778,0.18295967613174446
2023-09-29,1.411052626439615,0.13403147412765337,0.19603668222263915
2023-10-02,1.38221255633136,0.11099782864714758,0.17647224910427695
2023-10-03,1.385176259921212,0.12288581632982876,0.17923941473031046
2023-10-04,1.369599491988939,0.11110723363947184,0.16267399325890564
2023-10-05,1.3689421504769461,0.11207346729813317,0.15804773996023758
2023-10-06,1.3447456300189171,0.08822172977823683,0.14254100758449617
2023-10-09,1.3429229942258525,0.08708477906533885,0.1316385910228981
2023-10-10,1.3496516403426453,0.0879636614683954,0.13762122376576436
2023-10-11,1.360686565896195,0.08635210347095246,0.12996921437128162
2023-10-12,1.359770458304133,0.07639185617087674,0.11941407290558637
2023-10-13,1.378376991512173,0.08337572667262716,0.12404492419117319
2023-10-16,1.3600905956430993,0.07877769617604025,0.11895819687360132
2023-10-17,1.3909447605892766,0.0977375527876434,0.13691927938838377
2023-10-18,1.4057392761261647,0.10225420830502019,0.14204076002033883
2023-10-19,1.4132523035594278,0.10463722954168553,0.13909879468511122
2023-10-20,1.4429033644193718,0.10756332854476991,0.14707702875263728
2023-10-23,1.4428622003657798,0.10096335344343488,0.14889120362312958
2023-10-24,1.431162366972512,0.09528094640867302,0.14549664469065093
2023-10-25,1.4412713806769393,0.10980152926388498,0.1493088330502348
2023-10-26,1.5095640850920944,0.140759366111179,0.17476932491947705
2023-10-27,1.5172539179928015,0.13947425593427032,0.16687672489704153
2023-10-30,1.4710358125709737,0.1281954633350184,0.14163167869199444
2023-10-31,1.4556200226057587,0.12319791297848903,0.13846795961639513
2023-11-01,1.4085019047708824,0.10133933159148567,0.11764446585598232
2023-11-02,1.4340886273981632,0.10958203236963304,0.1138263948784024
2023-11-03,1.4898714764961012,0.12027394197587893,0.13076266554046967
2023-11-06,1.4497131817740234,0.10031108530933919,0.11360349481019805
2023-11-07,1.4636312015030026,0.08769516259002619,0.11471710982668637
2023-11-08,1.4479547425881916,0.08521893716365625,0.10700506230987505
2023-11-09,1.4388225190097397,0.08574207861645688,0.09913342761982347
2023-11-10,1.3900898657592147,0.06444776266354935,0.0787173363969611
2023-11-13,1.3758018643066436,0.05449560183316837,0.06964982916460305
2023-11-14,1.4187079906123263,0.07802848770594562,0.08925744394806756
2023-11-15,1.4499058001452862,0.08535082863663135,0.09795724210530787
2023-11-16,1.4165641677447565,0.06912051636314276,0.07656188215999249
2023-11-17,1.4364971735875232,0.07620342960032578,0.08844788428290107
2023-11-20,1.4170802460785867,0.06519049172544822,0.08762903054135607
2023-11-21,1.406750785014304,0.05869379568918265,0.07554526795642769
2023-11-22,1.3947679259189627,0.05422397204977436,0.07366857594965714
2023-11-24,1.4009326219975247,0.05750937918897003,0.07898845358100526
2023-11-27,1.3995396348483564,0.058984499046111916,0.07709680393079843
2023-11-28,1.4081321433269136,0.06193651877881101,0.08162836311188859
2023-11-29,1.4472997454460068,0.07346689321574629,0.10151461892245561
2023-11-30,1.4365844383735689,0.06907572879400603,0.09089429790738879
2023-12-01,1.4678796817866835,0.08889385641446701,0.11707485821997232
2023-12-04,1.4989622104144775,0.10093330264665923,0.13789722596267717
2023-12-05,1.4778450062540172,0.08532406502730794,0.11969738072821667
2023-12-06,1.5025992513104436,0.08829034404950842,0.11350053932330217
2023-12-07,1.4886601627955418,0.08131057624281413,0.10771048948736328
2023-12-08,1.4848099048488423,0.07955031441141713,0.11098229218942013
2023-12-11,1.4877457020645362,0.07816193266961768,0.10276025904664965
2023-12-12,1.4645701103731645,0.0646659619194001,0.09076692140131182
2023-12-13,1.4711568824829144,0.07184286945899676,0.11146789320300865
2023-12-14,1.5196804450127872,0.08995046998450995,0.15097817401254043
2023-12-15,1.5108245918159167,0.0801295405875968,0.14373237929873262
2023-12-18,1.4939578632761843,0.07109469327006757,0.1405402413618877
2023-12-19,1.4880499040823372,0.06899228969907578,0.1473620404758258
2023-12-20,1.514767339731427,0.07854668344368787,0.1559987101609468
2023-12-21,1.500417451120574,0.06803213357074123,0.15569326754737722
2023-12-22,1.496361987938692,0.06752625583515393,0.14996597559959923
2023-12-26,1.4893229538057389,0.06814237100029996,0.15112077579537697
2023-12-27,1.4847961491198483,0.06463894943717863,0.15251860280402862
2023-12-28,1.4846843461898742,0.06947480751458124,0.1567150962486079
2023-12-29,1.4953685545802413,0.06682504975760573,0.1460066569218652
2024-01-02,1.540621232792239,0.08458816404122649,0.1513284342405301
2024-01-03,1.5608866200626381,0.08031197735056383,0.13333124677618713
2024-01-04,1.5809601759446976,0.09224823358677026,0.14100684229604799
2024-01-05,1.5818748025342875,0.09722608568150681,0.1371346247435774
2024-01-08,1.5378159228078787,0.08358527110785263,0.12495425289008755
2024-01-09,1.5349449913529392,0.08332859891879218,0.11499772436053712
2024-01-10,1.518355724361283,0.07339681577606938,0.10476389370722505
2024-01-11,1.5179743491061717,0.07095620317513696,0.09891598782096489
2024-01-12,1.5108614484158314,0.06507504915656859,0.08873751658468376
2024-01-16,1.5267324934781459,0.061336289312494685,0.07091502196772659
2024-01-17,1.5428294001086162,0.05884539611433559,0.07126497923884378
2024-01-18,1.5214000007757225,0.040018587222150126,0.059853432675301965
2024-01-19,1.4998290868692226,0.029282586948182088,0.04249515651322966
2024-01-22,1.522241198598226,0.03495588465139754,0.06045135604362417
2024-01-23,1.5075771711777466,0.03087303410702691,0.05801727068634488
2024-01-24,1.4940880862874208,0.026094765836580658,0.04794834143262805
2024-01-25,1.5072363358634546,0.03316430484107813,0.0453923509243328
2024-01-26,1.5098438954085434,0.0362507515985826,0.04267836425397342
2024-01-29,1.4994113508112155,0.027670137898897718,0.048871574889426395
2024-01-30,1.4931599252386096,0.02438443332310447,0.03311436183076566
2024-01-31,1.531032051323184,0.03786692993130325,0.036961518264937876
2024-02-01,1.516996851320226,0.018257933073619448,0.029018170217331773
2024-02-02,1.4629164514169508,-0.0103405470439768,0.0033344088320590437
2024-02-05,1.462343545617935,-0.022870303534391567,-0.005767325683326607
2024-02-06,1.4688527965371474,-0.017430491157037542,0.0053733927102930235
2024-02-07,1.4510607158821003,-0.030371081243918296,-0.002883669359691532
2024-02-08,1.4919300079511695,-0.031125180419306342,0.009512665858224079
2024-02-09,1.466135557114248,-0.04218229355521086,0.0016137422546540492
2024-02-12,1.496090374971378,-0.02801024366916005,0.02191502469260187
2024-02-13,1.50466763209942,-0.028860493766142414,0.017694705045328885
2024-02-14,1.4912512506466342,-0.03706499427699772,0.020901606957902663
2024-02-15,1.5020808514768245,-0.027421058134830978,0.04017713217959029
2024-02-16,1.5183956148286422,-0.022510344278123484,0.03246785428383214
2024-02-20,1.5418076438010186,-0.017159023484122016,0.03457202940069082
2024-02-21,1.5435574763019604,-0.021733786344310668,0.014949692898275746
2024-02-22,1.4795367199618137,-0.060891408967225336,0.00477658799748415
2024-02-23,1.490696233043323,-0.06012622890695862,0.008956736740534321
2024-02-26,1.5089973923802664,-0.061809223982156714,0.023377963605862195
2024-02-27,1.5280323921420647,-0.05773567126357115,0.03655345776713159
2024-02-28,1.54834462783665,-0.05648179185687063,0.03291806290140942
2024-02-29,1.5491288306947988,-0.05816426687528009,0.03440490309877209
2024-03-01,1.5294000432758947,-0.06394299350552557,0.03829045915461293
2024-03-04,1.5490119500130182,-0.05201043247907933,0.06062281596555952
2024-03-05,1.5882748985613455,-0.03678410301998536,0.07160888038845692
2024-03-06,1.5770859435342919,-0.04148240087169064,0.06983745909461048
2024-03-07,1.540311868416068,-0.051961744923167075,0.06471773394242253
2024-03-08,1.5761282390191749,-0.03770031514899108,0.08224428100479275
2024-03-11,1.5680070942201372,-0.033357584619090774,0.07731929164132834
2024-03-12,1.5366013182315545,-0.055520885501587625,0.05803922310783105
2024-03-13,1.5501173805711566,-0.04941157499629645,0.06254271814345058
2024-03-14,1.548246819264678,-0.058963278155139465,0.048939346968128516
2024-03-15,1.5706126958394813,-0.04942149990604583,0.06293644853757518
2024-03-18,1.5499112901261523,-0.06003850789011511,0.06089527936672523
2024-03-19,1.5369777558511135,-0.06580395288957308,0.04847522701533724
2024-03-20,1.5265203407152903,-0.06634530908256941,0.0550412987365676
2024-03-21,1.5429785248922316,-0.057873732687422574,0.05601203726168902
2024-03-22,1.5358730467294208,-0.06251816637871821,0.048128962034580836
2024-03-25,1.5368239066936105,-0.055197556804389314,0.06260505285873164
2024-03-26,1.5469894635909545,-0.05341616380224046,0.06374547237595518
2024-03-27,1.5413298722025162,-0.04785518726700655,0.05599866184288005
2024-03-28,1.5473630005678904,-0.04369812816141616,0.059264393717259445
2024-04-01,1.5407566693587875,-0.04449245948190039,0.054486709791937926
2024-04-02,1.5451483939158703,-0.04031958133887792,0.05208898178423316
2024-04-03,1.557510589308706,-0.04345195213446473,0.05789084675989953
2024-04-04,1.5879980126032924,-0.03460583930813166,0.07622763673577859
2024-04-05,1.5735062065820005,-0.05291448996808801,0.055710608749302004
2024-04-08,1.581824579153829,-0.0439446951654896,0.0665770514874584
2024-04-09,1.5791154229834659,-0.04154958331340142,0.06680109722762206
2024-04-10,1.555127947555977,-0.0465139702913534,0.06823164160189887
2024-04-11,1.5292029229901956,-0.06038163401530128,0.057350767419664495
2024-04-12,1.5655196622776408,-0.0498120098763043,0.05986480832439223
2024-04-15,1.5973209525865775,-0.03765504920090812,0.05598727538199455
2024-04-16,1.599615733217953,-0.04131390818144565,0.05697784591422783
2024-04-17,1.6042434766571212,-0.02848205313603236,0.06000451639904503
2024-04-18,1.6048785442434,-0.018474585418907785,0.062047958735760744
2024-04-19,1.6437300853944357,0.005791766944472032,0.07278654353936442
2024-04-22,1.6266909891533676,0.0018491724662379472,0.06691400179527895
2024-04-23,1.620480290025077,-0.01350887419868374,0.06844764651768132
2024-04-24,1.6195202547896113,-0.014036238485271135,0.06409727129420162
2024-04-25,1.6542184025404025,-0.016638629494721946,0.06984991192632672
2024-04-26,1.633523816584078,-0.027970459343625964,0.06508088870546458
2024-04-29,1.6371749303107412,-0.029004302531186354,0.05742662496216244
2024-04-30,1.6641351657960777,-0.0140688643533039,0.06324892246777591
2024-05-01,1.6628634300864413,-0.007524001005273395,0.07455696194135752
2024-05-02,1.6845861195681082,-0.010712733912746963,0.10434388845535159
2024-05-03,1.643615438562977,-0.020575454616652666,0.09541706085362689
2024-05-06,1.6329694774506107,-0.03230536616666968,0.08572107868428791
2024-05-07,1.6044852025495557,-0.03507127486741446,0.07164866680054405
2024-05-08,1.5902787001078642,-0.0329555208695651,0.07047819551926038
2024-05-09,1.6045823219679818,-0.036422615188929974,0.0793124103249696
2024-05-10,1.602627587085105,-0.03646612055616405,0.06959767189691135
2024-05-13,1.5952170780573462,-0.03220347657017619,0.09939957762267015
2024-05-14,1.5971708451966489,-0.028659099621299977,0.14111703508899898
2024-05-15,1.5830017200608997,-0.0468703795596811,0.10660475779939782
2024-05-16,1.5668293375435827,-0.04868281370455119,0.08410214577511943
2024-05-17,1.5645100595981307,-0.0523529661358455,0.07205454490988061
2024-05-20,1.5707370301320247,-0.05752247294270607,0.0775782294962537
2024-05-21,1.5619017432535984,-0.06199124652708132,0.06881345672568862
2024-05-22,1.552238812408922,-0.06447842452013453,0.06793777064417772
2024-05-23,1.5724323080140863,-0.06672265063838712,0.05872128553013489
2024-05-24,1.5698692851627616,-0.06576720889636256,0.06687544846834514
2024-05-28,1.5617283646749351,-0.0751826073954932,0.06851525956796789
2024-05-29,1.5590228811057294,-0.075587188552808,0.06515887269257381
2024-05-30,1.6073425207246856,-0.05481088337520956,0.08119661189188632
2024-05-31,1.6031698917881778,-0.04786862860649843,0.063881123658593
2024-06-03,1.572973454655727,-0.05343810279025618,0.06729146935255792
2024-06-04,1.5336739317444588,-0.0617220208351722,0.056329941875004064
2024-06-05,1.500617005708448,-0.08098948963202901,0.058769940762440465
2024-06-06,1.488345919842247,-0.08258641668326605,0.08124645361321692
2024-06-07,1.4797738178436597,-0.08449057967212548,0.04366514902483787
2024-06-10,1.499577292535264,-0.08881598803133683,0.04744890396590051
2024-06-11,1.4738581318181438,-0.09904641040454265,0.046576214702858554
2024-06-12,1.4626439844556582,-0.10645465588875735,0.03510322682504308
2024-06-13,1.4401178159372425,-0.10988837575510058,0.026482914029036353
2024-06-14,1.4129519009084888,-0.11629227521064178,0.008770471639286903
2024-06-17,1.3946132514686118,-0.12397863901445128,-0.0041871926768911605
2024-06-18,1.3970467424202893,-0.1277988065349438,-0.022794505527759634
2024-06-20,1.4146166212938063,-0.11907656332468675,-0.021349986115874575
2024-06-21,1.4265109758064711,-0.11328289279673975,-0.02376327777346432
2024-06-24,1.4618075173879164,-0.09589054084622073,-0.014846616784477518
2024-06-25,1.4171267279006643,-0.11638045431451183,-0.020906251048055435
2024-06-26,1.3949295624641844,-0.11993266029464889,-0.03648181262954564
2024-06-27,1.3975264134981362,-0.11999894252696508,-0.0293417331187813
2024-06-28,1.4269131245837579,-0.10511564415179298,-0.02474127777299695
2024-07-01,1.4009075153947048,-0.1172901812792515,-0.03690199074023659
2024-07-02,1.380611699163738,-0.12759416788523226,-0.047853438544621985
2024-07-03,1.3803296659409412,-0.13679884386259444,-0.04812510884182131
2024-07-05,1.3418265365450788,-0.1478052307325336,-0.06382562296569494
2024-07-08,1.3493103244605913,-0.14683462805799308,-0.06605802322613352
2024-07-09,1.3359665904864735,-0.14649652262583235,-0.06783142901275618
2024-07-10,1.3181312620512071,-0.1563838844514237,-0.07429980536381309
2024-07-11,1.4124160985171956,-0.12448953543389063,-0.043733582931642756
2024-07-12,1.411292859723552,-0.1267921665064955,-0.039645119189208766
2024-07-15,1.39788405338903,-0.13016897530463434,-0.03905276771451882
2024-07-16,1.417444539020663,-0.12624086215633423,-0.02756695024781286
2024-07-17,1.4371806442618649,-0.09665562406025352,-0.019784761697858255
2024-07-18,1.4529961874919284,-0.0923861705572363,-0.025823322258964554
2024-07-19,1.4769017530445652,-0.08656289500475034,-0.008855035669103395
2024-07-22,1.4637145913561973,-0.10054885651809065,-0.018058869042097303
2024-07-23,1.4723953009387252,-0.10265232499239862,-0.019095852155319393
2024-07-24,1.545909427802151,-0.0733413575242916,-0.003974438667360025
2024-07-25,1.5716768910494072,-0.06987172142645703,0.00047129064403672594
2024-07-26,1.560665055639073,-0.06933378602697349,0.0029226351468998324
2024-07-29,1.5658837748737353,-0.0733191719774503,-0.0003834850954330671
2024-07-30,1.577752450014125,-0.0720706651511207,0.010911933358498382
2024-07-31,1.546932203385972,-0.08056815728773925,0.00849656358822859
2024-08-01,1.5752294402371216,-0.07783806296857221,0.01260734069599101
2024-08-02,1.5938802133650154,-0.07011482942966663,0.0012260773289913818
2024-08-05,1.6968249390972039,-0.03559237554194239,0.028822476805525854
2024-08-06,1.6842584843360755,-0.03837625272173162,0.0665100652734465
2024-08-07,1.679770106430535,-0.039569331166133925,0.08052831649262138
2024-08-08,1.6586701166758622,-0.05693540101180361,0.043087604902772636
2024-08-09,1.6484622169671184,-0.06091697619481107,0.041247179039787474
2024-08-12,1.6499438984736128,-0.0623374968451198,0.017399645159865695
2024-08-13,1.610964637341954,-0.07969632114277714,0.018532344846657
2024-08-14,1.5936785881349431,-0.08684635257619477,0.015152819025513908
2024-08-15,1.5711059184608422,-0.09493073427564558,0.0181188602901603
2024-08-16,1.56264532045126,-0.0934252733172386,0.026468491691360452
2024-08-19,1.535130256708587,-0.10260765549759587,0.01399381763692431
2024-08-20,1.524018830937889,-0.10766725978160652,0.011588447546237113
2024-08-21,1.5279524913392368,-0.1061949277583486,0.01577802986144694
2024-08-22,1.556635408583876,-0.09265283620081421,0.015205574313361225
2024-08-23,1.544729896578783,-0.09275164038682648,0.02366421546843589
2024-08-26,1.5578801120207797,-0.08740767591332521,0.01947685010294742
2024-08-27,1.5506270974643277,-0.08902831031093805,0.008653946208591945
2024-08-28,1.5715090664134879,-0.08493858585359937,-0.0023560884842571683
2024-08-29,1.5804772879702282,-0.08207096948872727,-0.003299618196875076
2024-08-30,1.5517975528828876,-0.09269311820180992,-0.01643846983915398
2024-09-03,1.6107302287032228,-0.07364364505429832,-0.00874864008037235
2024-09-04,1.615829125672263,-0.07519399803177351,-0.014855250690399169
2024-09-05,1.617726818407455,-0.07736912688512876,-0.016607414131449394
2024-09-06,1.6668503715691139,-0.06349814700992573,-0.007721892535367703
2024-09-09,1.6289902946081858,-0.07123428331945669,-0.024861856338511568
2024-09-10,1.6072176358490347,-0.08092209440060738,-0.03971776979561892
2024-09-11,1.570831022069597,-0.09937795252901716,-0.04685612494848479
2024-09-12,1.5514406986101732,-0.10604213008213459,-0.048939896332211186
2024-09-13,1.5711767723554777,-0.10483589592578946,-0.04074325128269196
2024-09-16,1.584406289194368,-0.09752596230920962,-0.03449893745930699
2024-09-17,1.59841192077725,-0.0903975053459184,-0.02484932937927975
2024-09-18,1.6186426033494703,-0.08296602327161762,-0.016869801308033727
2024-09-19,1.5746913915094565,-0.10341172879295513,-0.031217045046991188
2024-09-20,1.5798052100398854,-0.10413711304791773,-0.030793524323399213
2024-09-23,1.5823354111315986,-0.10622816263822754,-0.030487012242429334
2024-09-24,1.5722707727495848,-0.11109243802572422,-0.028684350708671036
2024-09-25,1.5636316483586543,-0.11446726489747172,-0.037157587427355754
2024-09-26,1.5513834875732586,-0.11570262937577103,-0.029362656566236933
2024-09-27,1.5725097506806276,-0.10792050949070331,-0.013642632765927365
2024-09-30,1.5570297922660008,-0.11050723277413166,-0.02460608236886508
2024-10-01,1.6010867119375756,-0.09966366739024912,-0.012532110455341305
2024-10-02,1.6009896512531085,-0.10414789687121151,-0.014543056873449367
2024-10-03,1.598376629482583,-0.10661743495174003,-0.006354343705952892
2024-10-04,1.5713878140520587,-0.11409659502232294,-0.006066075502559776
2024-10-07,1.6025360448452917,-0.10477416869399903,0.003097966975391442
2024-10-08,1.5541490747195899,-0.12364653803216497,-0.015604178595932106
2024-10-09,1.5356310702006186,-0.13004973732569336,-0.026080855250126156
2024-10-10,1.5333656700222145,-0.1288320672464276,-0.026510079920237017
2024-10-11,1.5331074227882397,-0.1293257407848485,-0.026360966677035913
2024-10-14,1.5153161907520833,-0.13850622899122722,-0.03678245054228235
2024-10-15,1.5632419661085444,-0.1252212392902513,-0.03591499764489792
2024-10-16,1.5662728966074613,-0.12415831944223477,-0.03436585860082697
2024-10-17,1.5729235643252464,-0.12619715313416258,-0.04061593682327458
2024-10-18,1.564653414679193,-0.1253251331850599,-0.046866408820627536
2024-10-21,1.5490688880951797,-0.12941499613245433,-0.050081792272104186
2024-10-22,1.5417450638808967,-0.1321691171135959,-0.0525220177777771
2024-10-23,1.5948018469639362,-0.11740146033769316,-0.04571721273801299
2024-10-24,1.591537730720224,-0.11721669538739932,-0.04035762576837909
2024-10-25,1.5690687081996075,-0.12377634492486045,-0.04011836336315977
2024-10-28,1.5637174676627459,-0.12497555647670977,-0.035391932878192756
2024-10-29,1.547414317562371,-0.13935831369200058,-0.03219226148681997
2024-10-30,1.5754100869089842,-0.1294885855651181,-0.020000399221171916
2024-10-31,1.6398313878124817,-0.09713236493918243,-0.0005372352761381372
2024-11-01,1.6153107442962553,-0.10864952600412259,-0.009838770458091894
2024-11-04,1.6483524974256873,-0.1002505537977878,-0.0027940804086024063
2024-11-05,1.6281104778541078,-0.11100650158246672,-0.006952982336482338
2024-11-06,1.5091796788436116,-0.13921386632653165,-0.0340449331080912
2024-11-07,1.5304812260840137,-0.1536477745423772,-0.03323837379722383
2024-11-08,1.567824673872869,-0.15847413362342078,-0.03624118235425322
2024-11-11,1.5689665713353347,-0.1553449933474611,-0.029339683023452134
2024-11-12,1.5543100248424624,-0.1568086573513532,-0.041221346255372215
2024-11-13,1.5533911358020913,-0.15692432307008786,-0.044221203367145745
2024-11-14,1.571568193585859,-0.1512189154506567,-0.039244301701788276
2024-11-15,1.6257571523270302,-0.12931371216647558,-0.01963717159200018
2024-11-18,1.6176488072240334,-0.13557234252408612,-0.017080272245331707
2024-11-19,1.5952278522290615,-0.14576946251263845,-0.01153770375340557
2024-11-20,1.6039542629199488,-0.14011177820668774,-0.018371772196376757
2024-11-21,1.6153504560665572,-0.1400052510682771,-0.016338397047349518
2024-11-22,1.6293638738516663,-0.13215033474177573,-0.007104068073786607
2024-11-25,1.6511607653629752,-0.12166443235769375,0.00392652586515263
2024-11-26,1.6281069031820907,-0.1363399107534503,-0.01285606580766685
2024-11-27,1.6405710898192938,-0.12583180230160018,-0.010430756092070226
2024-11-29,1.626046920042492,-0.13090740586579874,-0.016327173069377476
2024-12-02,1.6127268461010589,-0.13688967491125925,-0.008751252281816613
2024-12-03,1.593283967028487,-0.14527342656115294,-0.01567533782725572
2024-12-04,1.5564912902294519,-0.15926805661482868,-0.02150047080720474
2024-12-05,1.5439625783012154,-0.16026050734810526,-0.0306928310249458
2024-12-06,1.5266667469007493,-0.16909912131243643,-0.025727729045853964
2024-12-09,1.5543102717355675,-0.15604136648938705,-0.016770083184207363
2024-12-10,1.5398999342666344,-0.15650895639814666,-0.028619576235511257
2024-12-11,1.506873013280667,-0.17099031598463132,-0.034638304346050974
2024-12-12,1.5244270970535423,-0.1666296816185504,-0.03449976894595064
2024-12-13,1.519792323339229,-0.16692243978603827,-0.03941440329401069
2024-12-16,1.4867875757573001,-0.18098182850772704,-0.04875845774220422
2024-12-17,1.4854876946484779,-0.18045778982103555,-0.046747895102193016
2024-12-18,1.5591102931708023,-0.16107700199784136,-0.02992272689772202
2024-12-19,1.5457905438604804,-0.16415440972712414,-0.03565094712470962
2024-12-20,1.5360380871005934,-0.16919097567861885,-0.039883024405660605
2024-12-23,1.5069895553118378,-0.17758021155493464,-0.0508150513795792
2024-12-24,1.4740956484324896,-0.18907675366580445,-0.06171926440030817
2024-12-26,1.4794672452055209,-0.18774395814840084,-0.059044660286174167
2024-12-27,1.5127302489776846,-0.17538061274517758,-0.04882508975336475
2024-12-30,1.5498640230452594,-0.162277088440983,-0.03882675868909413
2024-12-31,1.5790451292077967,-0.14991805531769742,-0.02793163360490225
2025-01-02,1.591767513812885,-0.147380495076615,-0.020832129591883963
2025-01-03,1.5508604498007146,-0.1600373626361724,-0.03486572918589914
2025-01-06,1.5391509515116617,-0.17138109112471445,-0.036738104791597226
2025-01-07,1.5890152640864064,-0.15764628683620352,-0.0241037629945422
2025-01-08,1.5801842069123246,-0.16369432314229737,-0.03141514955634139
2025-01-10,1.6226955122616031,-0.15273606709280563,-0.013978068838944813
2025-01-13,1.636312844927855,-0.1506208561765413,-0.010504898223138825
2025-01-14,1.651580046460705,-0.1452809658915809,-0.003863909677774835
2025-01-15,1.6042788012674296,-0.1694119642996098,-0.024075443627516457
2025-01-16,1.6391164648153453,-0.1572358885169296,-0.014039551456168642
2025-01-17,1.6047963056657473,-0.17041609599640284,-0.024356682251518547
2025-01-21,1.5969387085227549,-0.17789767163880832,-0.027343636899663237
2025-01-22,1.5687613177362945,-0.19866212676743822,-0.03166513707096563
2025-01-23,1.5448652404126597,-0.20472582587493782,-0.04176368805019581
2025-01-24,1.5578030512508487,-0.1995649821188944,-0.035523058288079334
2025-01-27,1.6163336617905402,-0.16839313235542108,-0.039006812264557156
2025-01-28,1.597622018156232,-0.19550992018981717,-0.0493822658139218
2025-01-29,1.6031160137982283,-0.1896272961008204,-0.040201152796169426
2025-01-30,1.5910030321730901,-0.19490834043559602,-0.037068908540116796
2025-01-31,1.6046172129836358,-0.19129892857400488,-0.03908368746393054
2025-02-03,1.629238793031738,-0.18488629416243707,-0.03812088566317606
2025-02-04,1.5981498527048927,-0.1941415841535994,-0.03956657429588628
2025-02-05,1.5947580420101004,-0.1981526656528736,-0.03991757612767932
2025-02-06,1.5817845368266008,-0.20856084861702817,-0.04889125759683688
2025-02-07,1.6205016733709496,-0.1970624217659861,-0.042065673711771834
2025-02-10,1.5990087899621512,-0.2020145733614268,-0.04618091249228162
2025-02-11,1.5894300366100587,-0.19694698676177702,-0.05601139691269219
2025-02-12,1.6059161476594648,-0.20153037981021238,-0.054677947417053674
2025-02-13,1.5952987439962802,-0.20764404004129622,-0.057316739205167
2025-02-14,1.6192452020334867,-0.20608364348585106,-0.04685823545626133
2025-02-18,1.629372355661475,-0.2021824334879937,-0.04440832669420658
2025-02-19,1.6222727103476333,-0.20559435361638556,-0.05652727404605018
2025-02-20,1.6284695443045112,-0.19353289712385846,-0.06448198189450638
2025-02-21,1.6555417239247383,-0.17258894222043497,-0.05686647055989369
2025-02-24,1.684636442714471,-0.16669693522675288,-0.0542157438353944
2025-02-25,1.7160168936027747,-0.1585344440887414,-0.04901708586832987
2025-02-26,1.710559380261237,-0.1667413243177539,-0.05050191712577923
2025-02-27,1.7623138504838556,-0.14645477962107856,-0.04330457120153863
2025-02-28,1.7168265638576345,-0.16017100853183608,-0.06380044147840436
2025-03-03,1.7469272805231757,-0.14945516013057736,-0.061563926063877505
2025-03-04,1.7645946920774618,-0.1389895103410389,-0.04986542617251488
2025-03-05,1.7364593655407328,-0.14791973935431058,-0.04961771694423389
2025-03-06,1.762334950328127,-0.1276103496551697,-0.04889900901380073
2025-03-07,1.7384279916247034,-0.12121077010282422,-0.045921676128848676
2025-03-10,1.7788188534256602,-0.09554763081381679,-0.034709426908376306
2025-03-11,1.8301492314909376,-0.09552932477359155,-0.02353754496379723
2025-03-12,1.8281438883695507,-0.10403870821423034,-0.018342987990443982
2025-03-13,1.8304989514871468,-0.09837206259909637,-0.015155554515643876
2025-03-14,1.8116728094570638,-0.11288409988524728,-0.024864844452818446
2025-03-17,1.8334362427694022,-0.1099041674776472,-0.02001646980453886
2025-03-18,1.844513579151002,-0.09656193630726118,-0.018306150406313337
2025-03-19,1.8566617770552427,-0.1034126367439977,-0.010863344789760365
2025-03-20,1.8695938614383993,-0.10318902749133507,-0.013062832879076502
2025-03-21,1.8624503633041,-0.10788802464592007,-0.010476467004385204
2025-03-24,1.8654313433399872,-0.11383650080403274,-0.014982472330065888
2025-03-25,1.8625668463241563,-0.1237685341856668,-0.02508641555361657
2025-03-26,1.8779199196524567,-0.10865303490056333,-0.02732179004616997
2025-03-27,1.8712254675468079,-0.10877228596619626,-0.034812037678277674
2025-03-28,1.9145208101841593,-0.09057605973827987,-0.020329561512300587
2025-03-31,1.89966348416594,-0.09457081092149333,-0.03844076412896347
2025-04-01,1.9021495079386574,-0.10039155065641236,-0.03668883470655904
2025-04-02,1.9198703537317616,-0.09963523488033454,-0.03264898854702414
2025-04-03,1.9513556102998675,-0.09178630657148201,-0.024426575421232055
2025-04-04,2.1366662561880077,-0.024378324803509988,0.03900484867646137
2025-04-07,2.1851370223648057,-0.020540652897916623,0.052103434394216164
2025-04-08,2.207578957707168,-0.022010436704637093,0.05479448538898857
2025-04-09,2.053572927816263,-0.10186614525483784,0.003455052298838801
2025-04-10,2.0731428169414046,-0.08971999999146596,0.0006677588368220189
2025-04-11,1.9940707119388272,-0.11300556307407617,-0.012282138307521007
2025-04-14,1.9812973893958201,-0.11047551150047963,-0.016438967366149804
2025-04-15,1.9872283579771297,-0.10909587197244708,-0.017131683955513233
2025-04-16,2.0648959457503966,-0.08198465176046832,0.005119707830514297
2025-04-17,2.0773729594994816,-0.06975383613647379,0.015911834368797617
2025-04-21,2.153153408137076,-0.04394734021935576,0.04126478828152047
2025-04-22,2.1017205758076574,-0.06395774829775369,0.0182386593097692
2025-04-23,2.0566406741974634,-0.08892266604687216,0.003731240684546666
2025-04-24,2.050289877852981,-0.10082788691483813,-0.005586122604308352
2025-04-25,2.0279153078330463,-0.11667852409636059,-0.01638399669895063
2025-04-28,2.0411580475689397,-0.1122407914109963,-0.015564819899146487
2025-04-29,2.010004886119559,-0.12073050138648767,-0.016124153139638664
2025-04-30,2.004154712723776,-0.1271916323155573,-0.02546611357509243
2025-05-01,1.980082665282385,-0.13521342334169228,-0.03229575793527428
2025-05-02,1.9770662313445357,-0.14180748597487103,-0.03562651415123863
2025-05-05,1.9838186733796253,-0.14209326595716465,-0.0238658984074005
2025-05-06,2.0351508248746963,-0.1364494516344753,-0.01609476818173261
2025-05-07,2.0213875593032817,-0.13957996899693748,-0.017968874429730497
2025-05-08,2.0722605985961944,-0.13805790073040713,0.0037350794453574476
2025-05-09,2.087236852097792,-0.1370210820191613,0.0036185044141447964
2025-05-12,2.056681079411669,-0.15239523190503634,-0.0021723722101213427
2025-05-13,2.04369625672797,-0.16105588524438252,-0.002642053942871647
2025-05-14,2.0216533884451966,-0.1700054655907134,-0.01699545753529852
2025-05-15,2.021152229884949,-0.1680073111819863,-0.02073647800747358
2025-05-16,2.01165913437977,-0.17042182971958608,-0.02457540746910225
2025-05-19,2.0150238859469747,-0.17591304331440738,-0.026233824535147443
2025-05-20,2.044998632540055,-0.17574175461142216,-0.01842176186299571
2025-05-21,2.086281260688721,-0.17800597205666324,-0.022409982930583827
2025-05-22,2.0931326062089277,-0.1707924582803425,-0.010344040412801458
2025-05-23,2.130179823217481,-0.1648938798749402,-0.012244994868579218
2025-05-27,2.0625533020822617,-0.17995151400628429,-0.0196318138825754
2025-05-28,2.069241066867767,-0.17878098359214933,-0.017156486598739917
2025-05-29,2.063340574671211,-0.1826156653403872,-0.025263879664146005
2025-05-30,2.0601542089641796,-0.18913259712211383,-0.030914451177618485
2025-06-02,2.0350979380976018,-0.2002260709171092,-0.03393233747820612
2025-06-03,2.0452750539527362,-0.19609402561020173,-0.02346955043003618
2025-06-04,2.033497676552612,-0.20023523039841618,-0.022395852098193725
2025-06-05,2.0682653736105405,-0.19303193103514305,-0.016300533289919872
2025-06-06,2.0355654411707254,-0.1952115538294491,-0.024869454803359448
2025-06-09,2.0404449026573843,-0.19198692126570105,-0.023713146827777587
2025-06-10,2.0590889236610157,-0.1901177726207951,-0.022770806481533512
2025-06-11,2.061774263974102,-0.1889512479888772,-0.026487189958719792
2025-06-12,2.0437755142290275,-0.19575630939083755,-0.03773195562197362
2025-06-13,2.069832036189518,-0.1906332856105447,-0.03523764320031997
2025-06-16,2.054084795626773,-0.1979881119727981,-0.031690153363914564
2025-06-17,2.0448715686863475,-0.19322885949364654,-0.03899023347121189
2025-06-18,2.065181725564957,-0.19076998032716697,-0.03571460141213134
2025-06-20,2.083352584549409,-0.1856436242353755,-0.03131001146417611
2025-06-23,2.0423557365504266,-0.19669910005071667,-0.045121592994535
2025-06-24,2.0211046688860828,-0.20483519875817047,-0.01678724425704492
2025-06-25,1.9975212123028716,-0.21519378618140772,-0.014077210891124126
2025-06-26,1.9889010412955495,-0.2192200070667567,-0.01165751535377535
2025-06-27,1.974342210885645,-0.22764045428540947,-0.02619407627582393
2025-06-30,1.9676843804654802,-0.2333182971604295,-0.025905689980917246
2025-07-01,2.0173154608453916,-0.21576188823391895,-0.012089206114882511
2025-07-02,2.004963468564746,-0.21489811107941004,-0.00513798798571885
2025-07-03,1.9821059389652191,-0.2218986738158698,-0.021680668935161962
2025-07-07,2.016857952018856,-0.2173440315335543,-0.019507535219042582
2025-07-08,2.00484578350575,-0.20542516493652152,-0.00997811672804405
2025-07-09,1.9947424466162489,-0.2114160387963654,-0.013874730207280805
2025-07-10,1.9895541847456806,-0.20880402872869774,-0.0035226609625740313
2025-07-11,1.9982266591281612,-0.2097170349855103,-0.00786841219176837
2025-07-14,2.0059573618752964,-0.21337657695032197,-0.009157127832065348
2025-07-15,1.9999926236476346,-0.21998862271881803,-0.0136565275017142
2025-07-16,1.9934912849202706,-0.22276761696019998,-0.018703110775212695
2025-07-17,1.9817750226922408,-0.2271220065162448,-0.012792408204291728
2025-07-18,1.9950607683484667,-0.23001667777370227,-0.012850905466787244
2025-07-21,1.9757569703988893,-0.2347542937696513,-0.016668643083529888
2025-07-22,2.018405110794786,-0.2190298179122223,-0.006805080063845281
2025-07-23,1.9917131009619635,-0.2201636438165816,-0.012388926378514409
2025-07-24,1.992112399423779,-0.22783973419083425,-0.027761209836708378
2025-07-25,1.9911509378941163,-0.23178675628565382,-0.03108188959346969
2025-07-28,1.9911287193825782,-0.234813192251337,-0.033290644392910296
2025-07-29,2.0039581110102502,-0.23308391051030153,-0.043738462667676004
2025-07-30,1.989424727548084,-0.239331364420187,-0.042016454530705905
2025-07-31,1.9771306189050963,-0.24767709053109732,-0.055234892594676954
2025-08-01,2.0368693827603637,-0.23457339288556311,-0.0456161521534405
2025-08-04,1.9800871106999134,-0.2485316859471164,-0.05408167341649128
2025-08-05,2.0117250628549286,-0.23677035041105454,-0.04580983124869331
2025-08-06,1.9469956783508278,-0.24983372465979714,-0.06544786663986735
2025-08-07,1.9633906429838843,-0.24817832499967307,-0.06046233096247455
2025-08-08,1.921405934947126,-0.26165241360787517,-0.07303555773514236
2025-08-11,1.9342167932568604,-0.2626608542689399,-0.07263137739505865
2025-08-12,1.9196202729822147,-0.2663915784585883,-0.08126116238350078
2025-08-13,1.9496167315021977,-0.2514868429675271,-0.07080700205308932
2025-08-14,1.9375139902742968,-0.25596783445155924,-0.08077022927882382
2025-08-15,1.9257556825344468,-0.2521346356611067,-0.0657464863709889
2025-08-18,1.9387390725653506,-0.2517830451192338,-0.05900109789954011
2025-08-19,1.9687486140582076,-0.23834131602083675,-0.057054486233682034
2025-08-20,1.9797133468792971,-0.23618830594522844,-0.05583723877421831
2025-08-21,2.00211246393224,-0.23015990119308838,-0.052340259734564576
2025-08-22,1.9897034433952054,-0.22690209856836296,-0.05138433586171787
2025-08-25,2.0011991885104576,-0.22639330491484622,-0.051322844253209654
2025-08-26,1.994326703649255,-0.23689329666430936,-0.05549938758163431
2025-08-27,2.002383847967554,-0.2305251250749365,-0.051034371866933825
2025-08-28,1.9935670815792816,-0.2375867303547522,-0.05394912500088611
2025-08-29,2.005971802304482,-0.22798718036564325,-0.05023540572753571
2025-09-02,2.0235301527286245,-0.2205245875957088,-0.0454845938588786
2025-09-03,1.987791306119746,-0.23089520627181181,-0.03436491708331857
2025-09-04,1.9933932630389948,-0.23545500563641686,-0.039639804432155756
2025-09-05,2.037691020887757,-0.2269965421668585,-0.03269570412962741
2025-09-08,2.0461788590307908,-0.22883218211619893,-0.028106930578252642
2025-09-09,2.0314540781925543,-0.23570306264388496,-0.02991265889085204
2025-09-10,2.0398735248151256,-0.2351404750596786,-0.037201725237014815
2025-09-11,2.0239609022521634,-0.23398217462844717,-0.034566541816812624
2025-09-12,1.9938935335509425,-0.23677327184773933,-0.04047306915585791
2025-09-15,1.9956451481810387,-0.24550950340863842,-0.04409620737482378
2025-09-16,1.9953177518189285,-0.24421177144924044,-0.03898377645087148
2025-09-17,2.00503233366086,-0.24254302094857794,-0.03540851808862955
2025-09-18,2.0126091795112724,-0.2453348589347395,-0.027168881787788313
2025-09-19,1.976689656887205,-0.2539289060743898,-0.03834755959402103
2025-09-22,1.952559989731855,-0.2631190192743199,-0.035768637608030174
2025-09-23,1.9782211683498296,-0.25359525240215086,-0.03321209814613968
2025-09-24,1.9788839002671894,-0.24890617962565464,-0.030327862712538067
2025-09-25,1.9726829250638658,-0.2504390592305903,-0.0397623960399941
2025-09-26,1.9699917668927105,-0.24718395646773705,-0.037882238099212096
2025-09-29,1.962011750244554,-0.2515358931804388,-0.026644074558554998
2025-09-30,1.9596294863636596,-0.2565489126296445,-0.026944147066443325
2025-10-01,1.9588286289084365,-0.2559885946499495,-0.02464467562080841
2025-10-02,1.9746158312814615,-0.2565159012937438,-0.014214699748649529
2025-10-03,1.9882580522908873,-0.25390708424483277,-0.012771845052909403
2025-10-06,1.9747307381534576,-0.2637485370334244,-0.025075913687859108
2025-10-07,1.9627666253200298,-0.2625619258884103,-0.029810411884581223
2025-10-08,1.9396447021067238,-0.270147995365673,-0.030140449815451054
2025-10-09,1.9374300766346861,-0.273796464397827,-0.031099531251320367
2025-10-10,2.011468994271585,-0.25339739299658703,-0.009828947029332347
2025-10-13,1.9633385774885652,-0.2642280539610522,0.03451082115589332
2025-10-14,2.025668044199054,-0.2500233534500952,0.06597617407315215
2025-10-15,1.9983842098490796,-0.25317029075677466,0.039150872915713286
2025-10-16,2.0234915522102157,-0.25235752845863735,0.028078574410513646
2025-10-17,2.006617772008065,-0.2595116130260786,0.025510252990565307
2025-10-20,1.979430679783996,-0.26735970515439333,0.0019052524350060551
2025-10-21,2.0079048664833126,-0.2631190839659747,-0.005576235847655875
2025-10-22,2.0126838918945604,-0.25855267478958943,-0.016227180180311995
2025-10-23,2.011359253810348,-0.25883222073525713,-0.002646339386102592
2025-10-24,1.957348825162077,-0.2671808434687676,-0.004766632733943732
2025-10-27,1.8940117906924105,-0.28615328540997076,-0.02589195276526357
2025-10-28,1.8619328897206264,-0.29516675595503983,-0.041186403360214285
2025-10-29,1.8503935708925212,-0.30201833497666775,-0.04868089643397289
2025-10-30,1.9105530710280267,-0.29288857757251585,-0.05488920970917455
2025-10-31,1.8902573999436614,-0.292851257672324,-0.043507217208471394
2025-11-03,1.8875873517931412,-0.30121800317758207,-0.053023655715725426
2025-11-04,1.9202904296649232,-0.29541772751664297,-0.05568894134739599
2025-11-05,1.9572250177289257,-0.2902744013855437,-0.037842492708975106
2025-11-06,1.9870658807175423,-0.2807874476272991,-0.03978195628677017
2025-11-07,2.0316223780639335,-0.2710304957307095,-0.03186494866568945
2025-11-10,1.9628585696902192,-0.2903205530938473,-0.04814728902324095
2025-11-11,1.9489684470585882,-0.29213350740761224,-0.06396657133407624
2025-11-12,1.948529768669025,-0.2921748775730043,-0.06513892352410389
2025-11-13,2.0062665193475713,-0.2792361194398496,-0.06285993824332226
2025-11-14,2.0150563303566797,-0.277725236931761,-0.06595937796664653
2025-11-17,2.0307408799189193,-0.28047616805595244,-0.06275551145661828
2025-11-18,2.074558674263807,-0.26619733393873235,-0.050028143523086155
2025-11-19,2.0640902657141136,-0.27137281941468916,-0.05756399230075182
2025-11-20,2.071263859112728,-0.26765681348977355,-0.06635848719634851
2025-11-21,2.072060147257504,-0.26171584603779874,-0.057498418898038306
2025-11-24,2.061294830049904,-0.28033429907936047,-0.07196007680889316
2025-11-25,2.0774044361118347,-0.27850182821419955,-0.06510776637720805
2025-11-26,2.1186056653323613,-0.2816161378054618,-0.06183656898442602
2025-11-28,2.11874735144571,-0.2825536157485602,-0.0616793700255539
2025-12-01,2.1394362029202134,-0.28146947097318087,-0.05443457623599912
2025-12-02,2.152656567136153,-0.28515055094715336,-0.055793567191622984
2025-12-03,2.1827147745629296,-0.2850531509793527,-0.05547407965845641
2025-12-04,2.186952215301966,-0.28876448962414114,-0.06280932438404374
2025-12-05,2.2008398804754776,-0.28773402957650906,-0.06383071484851577
2025-12-08,2.224485264657819,-0.2837359253661128,-0.06553663531801401
2025-12-09,2.2499497323105477,-0.28224410472767536,-0.05755665551087685
2025-12-10,2.2697322874138113,-0.278585290084467,-0.05424929977594506
2025-12-11,2.285186233713583,-0.2758810842828636,-0.056233852364693915
2025-12-12,2.280577669629336,-0.2698546972146374,-0.05479113811303604
2025-12-15,2.28242716581013,-0.27231263969845443,-0.061372273285966505
2025-12-16,2.2758118894747525,-0.27383171940923245,-0.06267717631115244
2025-12-17,2.313252757003299,-0.2605252918613067,-0.0558544719001286
2025-12-18,2.2965342546257035,-0.270577430261019,-0.0634739320527169
2025-12-19,2.2913963192352678,-0.2786904029044027,-0.06573527314000516
